ObjID,q,e,inc,node,argPeri,epoch_MJD_TDB,t_p_MJD_TDB,FORMAT
153P,0.507,0.9901,28.12,93.37,34.67,52402,2452352.48,COM
1811 W1,1.582,0.9809,31.26,95.63,314.5,-17172,2382828.04,COM
1840 U1,1.48,0.9659,57.9,251.21,133.51,-6560,2393423.57,COM
1843 D1,0.006,0.9999,144.35,3.53,82.64,-5741,2394259.41,COM
1846 J1,0.634,0.9904,150.68,263.99,99.73,-4547,2395453.47,COM
1853 G1,0.909,0.9893,122.2,43.02,199.23,-2000,2397983.83,COM
1855 G1,2.194,0.9652,128.58,191.75,323.09,-1380,2398620.05,COM
1855 L1,0.568,0.9858,156.87,262.23,22.49,-1280,2398734.15,COM
1857 O1,0.747,0.9804,32.76,202.83,180.94,-440,2399551,COM
1861 G1,0.921,0.9835,99.77,31.82,302.84,1000,2400930.39,COM
1861 J1,0.822,0.9851,85.44,280.91,330.08,920,2400938.51,COM
1871 G1,0.648,0.9915,87.61,281.22,223.06,4535,2404589.62,COM
1874 Q1,1.688,0.9628,34.13,217.63,149.59,5720,2405722.7,COM
1877 T1,1.073,0.9919,115.67,185.99,103.17,6902,2406797.6,COM
1881 K1,0.735,0.9959,63.43,272.63,354.23,8306,2408248.44,COM
1882 F1,0.061,1,73.8,206.59,208.98,8616,2408607.53,COM
1882 R1-A,0.008,0.9999,142.01,347.66,69.58,8709,2408706.22,COM
1882 R1-B,0.008,0.9999,142.02,347.69,69.61,8798,2408706.22,COM
1882 R1-C,0.008,0.9999,142.01,347.65,69.58,8709,2408706.22,COM
1882 R1-D,0.008,0.9999,142.01,347.65,69.58,8709,2408706.22,COM
1885 R1,0.749,0.9823,59.1,206.37,42.85,9760,2409764.16,COM
1886 H1,0.27,0.9951,87.63,194.17,201.32,10034,2410065.38,COM
1890 V1,2.04,0.9944,154.26,86.89,330.88,11708,2411586.33,COM
1892 E1,1.027,0.9988,38.7,242.43,24.5,12306,2412195.66,COM
1894 G1,0.983,0.9889,86.96,207.89,324.17,12983,2412932.38,COM
1898 F1,1.095,0.9804,72.53,263.87,47.31,14427,2414366.13,COM
1898 V1,2.285,0.9992,22.5,97.24,4.66,14689,2414553.14,COM
1902 R1,0.401,0.9999,156.35,50.74,152.99,16019,2416077.86,COM
1905 W1,1.051,0.9861,140.53,224.3,132.47,17185,2417144.48,COM
1906 B1,1.296,0.9999,126.44,287.71,89.84,17263,2417202.29,COM
1906 V1,1.212,0.9808,56.37,86.09,8.63,17553,2417536.22,COM
1907 G1,0.924,0.9852,109.95,190.47,328.6,17683,2417662.38,COM
1907 L2,0.512,0.9988,8.96,144.27,294.47,17845,2417822.96,COM
1909 L1,0.843,0.9952,52.08,306.88,5,18495,2418463.26,COM
1910 A1,0.129,0.9998,138.78,90.03,320.89,18705,2418689.09,COM
1910 P1,1.947,0.9981,121.04,290.78,51,18927,2418931.37,COM
1911 N1,0.684,0.9963,148.42,158.67,110.37,19247,2419218.18,COM
1911 O1,0.49,0.9876,33.34,293.7,153.56,19275,2419337.89,COM
1911 S2,0.787,0.997,108.1,36.43,122.09,19334,2419353.38,COM
1913 J1,1.457,0.9967,152.37,316.27,52.97,19921,2419903.12,COM
1913 R1,1.356,0.9986,143.36,158.63,117.72,20049,2420025.08,COM
1916 G1,1.686,0.9994,25.66,184.46,120.62,21379,2421396.57,COM
1919 Q2,1.115,0.9998,46.38,122.1,185.76,22219,2422300.32,COM
1920 X1,1.148,0.9941,22.03,108.83,340.89,22700,2422670.01,COM
1924 R1,0.406,0.9985,120.11,81.15,66.5,24056,2424033.32,COM
1930 F1,0.482,0.9922,67.14,91.24,46.96,26080,2426064.3,COM
1931 O1,1.046,0.9785,42.3,192.25,320.09,26619,2426504.25,COM
1932 G1,1.254,0.9721,74.28,213.48,303.52,26760,2426766.43,COM
1932 M2,2.313,0.9993,124.98,216.08,329.63,27167,2426971.38,COM
1932 P1,1.037,0.9769,71.72,345.47,38.47,26950,2426952.35,COM
1932 Y1,1.131,0.9722,24.5,78.59,327.36,27092,2427072.03,COM
1933 D1,1.001,1,86.68,312.47,135.98,27132,2427110.2,COM
1935 A1,0.811,0.9913,65.42,92.44,18.4,27861,2427859.97,COM
1936 K1,1.1,0.992,78.55,134.94,148.48,28353,2428358.46,COM
1936 O1,0.518,0.9944,121.94,265.01,45.85,28360,2428365.32,COM
1937 P1,1.954,0.9725,11.58,97.8,147.49,28480,2428486.75,COM
1939 B1,0.716,0.9955,63.53,289.61,169.02,29302,2429301.35,COM
1939 H1,0.528,0.9915,138.17,312.35,89.15,29390,2429363.61,COM
1940 O1,1.082,0.9808,54.69,135.06,235.74,29920,2429910.75,COM
1941 B1,0.942,0.9812,26.28,329.79,132.73,30014,2430014.88,COM
1943 W1,0.874,0.9995,136.18,58.63,33.09,31061,2431101.76,COM
1944 H1,2.411,0.9932,17.3,29.07,238.94,31201,2431459.5,COM
1946 K1,1.018,0.9994,169.56,301.95,22.23,31981,2431951.95,COM
1947 F1,0.56,0.9973,39.29,353.9,303.76,32293,2432326.46,COM
1947 X1-A,0.11,0.9998,138.51,337.31,196.18,32538,2432522.09,COM
1948 N1,2.517,0.9995,130.27,120.6,229.97,33356,2433037.66,COM
1948 V1,0.135,0.9999,23.12,211.04,107.25,32926,2432851.93,COM
1949 N1,2.058,0.9988,105.77,309.71,89.53,33411,2433216.05,COM
1951 P1,0.74,0.9998,152.53,76.89,269.62,33902,2434024.45,COM
1952 H1,1.283,0.9834,112.03,122.36,144.9,34195,2434172.22,COM
1952 M1,1.202,0.9998,45.55,188.64,96.58,34232,2434208.75,COM
1952 Q1,1.665,0.996,59.12,221.39,191.63,34343,2434382.92,COM
1953 G1,1.022,0.9975,93.86,275.89,85.74,34567,2434523.94,COM
1953 X1,0.072,1,13.57,115.25,94.07,34723,2434767.17,COM
1954 M1,2.061,0.9994,136.64,292.73,1.42,34948,2434760.55,COM
1955 L1,0.534,0.9892,86.5,48.94,32.51,35302,2435262.66,COM
1955 N1,1.427,0.9942,50.03,303.47,13.22,35335,2435300.04,COM
1957 P1,0.355,0.9993,93.96,68.32,40.32,36272,2436051.93,COM
1958 D1,1.323,0.9999,15.79,151.19,16.47,36319,2436309.8,COM
1958 R1,1.628,0.9998,61.26,323.78,100.74,36679,2436639.02,COM
1959 X1,1.253,1,19.64,100.62,84.69,37072,2436885.73,COM
1960 B1,1.171,0.9998,69.5,83.78,273.24,36988,2436839.21,COM
1961 O1,0.04,0.9999,24.21,298.94,270.7,37565,2437498,COM
1961 R1,2.133,0.9896,153.28,155.44,233.56,38161,2438008.72,COM
1961 T1,0.681,0.9922,155.71,247.36,126.59,37615,2437583.15,COM
1963 A1,0.632,0.9934,160.65,53.22,336.3,38145,2438109.97,COM
1963 F1,1.537,0.9979,86.22,43.47,146.62,38164,2438155.38,COM
1963 R1,0.005,0.9999,144.59,8.05,86.23,38327,2438265.47,COM
1964 L1,0.5,0.9959,161.83,309.87,58.42,38628,2438577.12,COM
1964 N1,0.822,0.9853,171.92,269.95,290.77,38604,2438608.72,COM
1964 P1,1.259,0.9965,67.97,280.45,20.69,38682,2438630.69,COM
1965 S1-A,0.008,0.9999,141.86,346.99,69.05,39040,2439054.68,COM
1966 P1,2.385,0.9995,40.26,156.05,154.49,39377,2439426.58,COM
1966 P2,2.019,0.9981,28.71,167.69,136.17,39381,2439233.28,COM
1967 C1,0.457,0.9999,106.47,200.52,144.29,39535,2439563.24,COM
1967 Y1,1.697,0.9992,129.32,255.32,70.86,39933,2439912.21,COM
1968 H1,0.68,0.9962,102.17,233.11,50.45,39993,2439992.77,COM
1968 U1,2.603,0.9999,135.13,209.22,101.49,40153,2439946.39,COM
1968 Y1,3.316,0.9953,45.23,16.11,82.58,40266,2440233.76,COM
1969 T1,0.473,0.9999,75.82,101.66,267.83,40607,2440576.77,COM
1969 Y1,0.538,0.9963,90.04,224.66,354.15,40688,2440665.55,COM
1970 K1,0.009,0.9999,138.95,336.82,61.1,40735,2440720.98,COM
1972 E1,0.927,0.9981,123.69,160.3,257.7,41431,2441404.2,COM
1972 F1,3.276,0.9979,175.61,24.75,128.7,41534,2440958.01,COM
1972 X1,4.861,0.9995,113.09,314.89,267.21,41860,2441670.48,COM
1973 D1,1.382,0.9987,121.6,164.82,74.86,41792,2441840.68,COM
1973 H1,2.384,0.9729,48.33,57.84,123.47,41832,2441753.03,COM
1974 C1,0.503,0.9997,61.28,143.73,333.13,42157,2442124.86,COM
1974 F1,3.011,0.9998,50.65,12.37,261.36,42514,2442646.66,COM
1974 O1,1.373,0.9794,173.16,165.74,176.76,42280,2442180.48,COM
1974 V2,0.865,0.9999,134.83,51.35,324.97,42370,2442383.02,COM
1975 T1,1.604,0.9975,91.61,278.68,246.24,42764,2442772.38,COM
1975 T2,0.838,0.9856,118.23,216.81,152.02,42716,2442700.86,COM
1976 D1,0.848,0.9934,46.83,160.79,313,42845,2442833.13,COM
1976 E1,0.678,0.9999,147.78,70.21,221.77,42849,2442833.56,COM
1976 J1,1.569,0.9997,38.81,81.41,193.27,42956,2443085.65,COM
1977 H1,1.118,1,43.19,20.14,249.36,43255,2443325.47,COM
1977 R1,0.991,0.9995,48.71,182.52,163.49,43448,2443458.07,COM
1977 V1,3.603,0.9994,168.55,5.29,318.18,43513,2443349.35,COM
1978 T1,0.37,0.9983,67.83,41.77,207.76,43796,2443766.35,COM
1978 T3,0.432,1,138.27,358.42,240.44,43800,2443780.58,COM
1979 S1,1.432,0.973,67.08,297.63,112.56,44179,2444163.84,COM
1979 Y1,0.545,0.988,148.6,103.22,257.61,44263,2444229.11,COM
1980 V1,1.519,0.9946,100.99,25.44,87.96,44618,2444583.15,COM
1980 Y1,0.26,0.9997,138.59,115.35,358.29,44630,2444603.04,COM
1980 Y2,1.657,0.9987,82.65,332,105.6,44661,2444631.82,COM
1981 H1,2.458,0.9989,160.66,24.26,189.85,44756,2444816.28,COM
1981 M1,2.334,0.9994,107.14,143.97,181.61,44823,2444689.15,COM
1982 M1,0.648,0.9994,84.49,326.26,33.82,45217,2445206.23,COM
1983 H1,0.991,0.9899,73.25,49.1,192.85,45467,2445475.75,COM
1983 J1,0.471,0.9999,96.62,83.04,82.17,45469,2445455.83,COM
1983 J2,1.417,0.9947,152.17,119.69,227.02,45484,2445353.15,COM
1983 N1,2.418,0.9994,138.83,171.8,265.59,45694,2445457.2,COM
1984 N1,0.291,0.9998,164.15,171.58,353.13,45956,2445924.64,COM
1984 S1,0.857,0.999,145.61,11.71,128.08,45966,2445987.49,COM
1984 U1,5.489,0.9944,179.21,238.3,182.82,46231,2445946.95,COM
1984 U2,1.215,0.9709,13.88,223.48,229.21,46068,2446069.39,COM
1984 V1,0.918,0.9992,65.71,331.17,82.74,46071,2446048.76,COM
1984 W2,4,0.9995,89.33,250.2,255.27,46479,2446336.9,COM
1985 R1,0.695,0.9999,79.93,358.4,87.03,46371,2446408.62,COM
1985 T1,1.317,0.9833,139.07,53.01,53,46415,2446418.71,COM
1986 E1,3.594,0.9468,159.81,294.84,123.57,46598,2446500.78,COM
1986 N1,2.642,0.9992,114.92,134.62,157.74,46809,2446556.95,COM
1986 V1,1.721,0.9999,160.58,74.8,70.23,46850,2446864.16,COM
1987 B1,0.87,0.9958,172.23,176.01,200.4,46852,2446871.85,COM
1987 B2,0.393,0.9952,40.86,97.7,195.27,46833,2446789.38,COM
1987 P1,0.869,0.9947,34.09,268.09,73.9,47128,2447106.77,COM
1987 T1,0.515,1,62.53,143.73,13.19,47092,2447047.67,COM
1987 U3,0.841,0.9986,97.13,261.34,17.41,47168,2447141.44,COM
1987 W1,0.2,1,41.62,226.53,329.29,47127,2447170.6,COM
1988 A1,0.841,0.9966,73.32,31.52,57.39,47277,2447251.61,COM
1988 F1,1.174,0.9977,62.81,288.76,326.51,47303,2447129.44,COM
1988 J1,1.174,0.9978,62.81,288.77,326.52,47335,2447205.72,COM
1988 P1,0.165,1,40.2,167.73,349.04,47392,2447422.07,COM
1989 A1,1.895,0.9986,52.41,157.09,351.56,47561,2447466.3,COM
1989 A5,2.64,0.9955,96.56,137.14,19.1,47551,2447583.58,COM
1989 R1,1.325,1,128.13,128.61,154.91,47789,2447758.79,COM
1989 T1,1.047,0.9906,46.04,8.52,68.13,47847,2447876.44,COM
1989 Y2,1.976,1,160.34,293.9,191.74,47890,2447838.19,COM
1990 N1,1.092,0.9954,143.78,330.74,180.92,48160,2448163.24,COM
1991 A2,1.434,0.9907,70.98,115.52,337.64,48277,2448236.39,COM
1991 B1,2.265,0.9936,77.29,145.13,74.37,48756,2448621.69,COM
1991 Q1,3.194,0.9945,90.51,120.46,257.23,48846,2448745.95,COM
1991 R1,6.982,0.9999,104.52,150.11,149.13,49109,2448206.42,COM
1991 T2,0.836,0.9999,113.5,49.05,145.24,48691,2448828.01,COM
1992 B1,0.5,0.9999,20.24,275.35,15.35,48662,2448701.04,COM
1992 F1,1.262,0.996,79.29,300.51,65.48,48767,2448735.19,COM
1992 J1,3.007,1,124.32,203.32,83.4,49202,2449236.04,COM
1992 Q2,2.038,0.9654,106.85,194.67,268.85,49033,2449061.61,COM
1992 U1,2.314,0.9994,65.99,55.3,54.86,49043,2449072.18,COM
1992 W1,0.665,0.993,115.14,138.4,310.17,48974,2448928.12,COM
1993 Y1,0.868,0.9936,51.59,166.36,353.47,49470,2449442.6,COM
1994 E1,1.751,0.9684,145.14,5.18,98.92,49451,2449319.96,COM
1994 E2,1.159,0.9973,131.25,166.57,57.5,49467,2449499.96,COM
1994 G1-A,1.359,0.9991,132.87,306.83,61.63,49717,2449495.03,COM
1994 J2,1.948,0.9962,135.96,51.13,192.12,49701,2449533.11,COM
1994 T1,1.845,0.9995,101.74,249.94,142.78,49682,2449628.06,COM
1995 O1,0.891,0.995,89.29,282.73,130.41,59837,2450537.13,COM
1995 Q1,0.436,0.998,147.39,178.05,331.16,50013,2449960.92,COM
1995 Q2,1.889,0.9665,168.01,300.75,314,49966,2449932.23,COM
1996 B1,1.449,0.9908,51.92,345.44,151.28,50137,2450120.41,COM
1996 B2,0.23,0.9999,124.92,188.05,130.18,50157,2450204.89,COM
1996 Q1,0.84,0.9986,73.36,31.4,57.41,50341,2450391.03,COM
1996 R1,1.899,0.9856,145.81,149.75,139.46,50354,2450324.24,COM
1996 R3,5.238,0.987,39.2,172.72,130.93,50351,2449923.31,COM
1997 BA6,3.436,0.9989,72.72,317.66,285.94,51665,2451510.08,COM
1997 G2,3.085,0.9942,69.84,55.8,239.84,50655,2450919.8,COM
1997 J1,2.302,0.991,122.97,277.08,98.95,50668,2450572.3,COM
1997 L1,4.9,0.998,72.99,233.3,346.36,50682,2450410.37,COM
1997 O1,1.372,0.9842,115.8,231.25,336.19,50716,2450642.92,COM
1997 T1,1.359,0.9985,127.99,53.7,95.97,50772,2450792.64,COM
1998 H1,1.487,0.9979,104.69,222.11,1.33,50946,2450917.93,COM
1998 K1,3.417,0.9452,35.64,18.26,165.25,50969,2451057.54,COM
1998 K2,2.323,0.9993,64.46,68.78,221.42,51087,2451057.73,COM
1998 K3,3.546,0.998,160.21,307.95,47.83,50969,2450879.68,COM
1998 K5,0.964,0.9867,9.93,211.12,99.46,51021,2451011.95,COM
1998 M1,3.118,0.9928,20.38,256.07,19.4,51077,2451114.61,COM
1998 M2,2.725,0.9978,60.18,260.88,37.24,51043,2451038.67,COM
1998 M4,2.6,0.9974,154.57,92.92,106.29,50997,2450792.62,COM
1998 M5,1.742,0.996,82.23,333.38,101.28,51144,2451203.07,COM
1998 M6,5.979,0.9989,91.54,306.6,9.13,51026,2451092.9,COM
1998 P1,1.146,0.9994,145.73,156.37,294.45,51162,2451104.34,COM
1998 Q1,1.578,0.9956,32.31,159.78,134.73,51063,2450994.01,COM
1998 T1,1.468,0.9991,170.16,153.36,226.35,51303,2451354.75,COM
1998 U5,1.236,0.988,131.76,66.65,51.13,51148,2451169.26,COM
1999 A1,0.731,0.9959,89.48,259.12,232.67,51198,2451208.16,COM
1999 F1,5.787,0.9991,92.04,20.02,255.16,52054,2452319.14,COM
1999 F2,4.718,0.9982,56.43,210.3,352.35,51450,2451049.19,COM
1999 H1,0.708,0.9997,149.35,162.65,40.7,51407,2451370.67,COM
1999 J3,0.977,0.9994,101.66,228.98,161.98,51429,2451441.67,COM
1999 J4,3.781,0.9997,118.91,264.48,95.12,51318,2451499.92,COM
1999 K2,5.29,0.9658,82.19,300.32,4.57,51353,2451279.04,COM
1999 K3,1.929,0.9917,92.27,266.91,341.15,51334,2451237.03,COM
1999 K6,2.247,0.9935,46.34,245.37,56.76,51395,2451384.17,COM
1999 K7,2.323,0.9965,135.16,50.33,104.66,51332,2451234.28,COM
1999 L2,1.905,0.9951,43.94,94.29,178.72,51351,2451395.39,COM
1999 L3,1.989,0.9744,166.1,140.16,353.3,51536,2451548.41,COM
1999 N2,0.761,0.9974,111.66,254.68,357.83,51397,2451382.55,COM
1999 T1,1.172,0.9999,79.98,182.48,344.76,51866,2451891.97,COM
2000 B2,3.776,0.9995,93.65,284.99,154.59,51584,2451492.56,COM
2000 CT54,3.156,0.9984,49.21,18.96,272.64,52409,2452079.95,COM
2000 J1,2.543,0.9543,98.79,28.44,147.22,51675,2451675.8,COM
2000 K2,2.437,0.9953,25.63,195.26,106.83,51933,2451828.87,COM
2000 Y2,2.769,0.9943,12.09,185.85,326.82,51955,2451990.31,COM
2001 A1,2.406,0.9909,59.94,339.59,107.89,51944,2451805.12,COM
2001 A2-A,0.779,0.9997,36.49,295.13,295.32,52049,2452054.02,COM
2001 A2-B,0.779,0.9993,36.48,295.12,295.33,52095,2452054.02,COM
2001 C1,5.104,0.9999,68.96,33.72,219.95,52011,2452361.91,COM
2001 HT50,2.792,0.9977,163.21,42.91,324.07,52944,2452829.52,COM
2001 K3,3.06,0.9989,52.03,289.85,3.45,52109,2452022.38,COM
2001 K5,5.184,0.9995,72.59,237.46,47.05,52670,2452559.24,COM
2001 O2,4.819,0.9978,90.93,328.72,280.89,52172,2451468.84,COM
2001 Q1,5.834,0.9659,66.95,139.26,175.46,52180,2452173.37,COM
2001 S1,3.749,0.9299,139.13,330.12,285.17,52187,2452062.86,COM
2001 U6,4.406,0.9962,107.26,115.23,85.72,52358,2452495.16,COM
2001 W1,2.399,0.9989,118.65,91.94,6.16,52247,2452268.4,COM
2001 X1,1.698,0.997,115.63,336.07,202.2,52280,2452282.59,COM
2002 B2,3.842,0.9972,152.87,54.32,257.07,52326,2452371.33,COM
2002 C2,3.254,0.9996,104.88,242.96,159.93,52417,2452375.32,COM
2002 F1,0.438,0.9995,80.88,289.03,125.9,52369,2452387.4,COM
2002 H2,1.635,0.9941,110.5,269,20.42,52416,2452356.91,COM
2002 J4,3.634,0.9999,46.53,70.88,230.71,52726,2452915.68,COM
2002 K1,3.23,0.9996,89.72,280.55,4.46,52448,2452441.95,COM
2002 K2,5.235,0.9931,130.9,294.56,26.67,52450,2452280.34,COM
2002 L9,7.033,0.9984,68.44,110.45,231.43,53275,2453101.48,COM
2002 O6,0.495,0.9986,58.62,330.95,78.75,52497,2452526.95,COM
2002 P1,6.53,0.9842,34.61,310.67,347.76,52571,2452236.67,COM
2002 Q2,1.303,0.9779,96.77,154.29,125.47,52521,2452504.28,COM
2002 Q3,1.306,0.9983,96.9,154.15,125.7,52515,2452505.52,COM
2002 Q3-A,1.305,0.9944,96.86,154.19,125.7,52526,2452505.48,COM
2002 V1,0.099,0.9999,81.71,64.09,152.17,52634,2452688.8,COM
2002 V2,6.812,0.9986,166.78,20.23,314.68,52865,2452773.19,COM
2002 VQ94,6.797,0.9663,70.52,35.02,100.05,53980,2453773.34,COM
2002 X1,2.487,0.9982,164.09,281.89,207.33,52750,2452833.39,COM
2002 X5,0.19,0.9998,94.15,119.07,187.58,52659,2452668.5,COM
2002 Y1,0.714,0.9972,103.78,166.22,128.82,52680,2452742.75,COM
2003 G2,1.553,0.9964,96.17,24.57,190.67,52744,2452759.43,COM
2003 H1,2.24,0.9992,138.67,19,196.14,52881,2453058.12,COM
2003 H2,2.179,0.9429,74.22,79.84,155.08,52781,2452777.47,COM
2003 H3,2.901,0.9998,42.81,269.42,6.48,52852,2452753.73,COM
2003 J1,5.125,0.9911,98.31,122.03,196.03,52839,2452923.1,COM
2003 K1,2.087,0.9501,129.83,250.06,314.48,52789,2452629.65,COM
2003 L2,2.865,0.9815,82.05,273.56,119.84,52899,2453023.69,COM
2003 S4-A,3.874,0.895,40.71,224.55,155.33,53285,2453156.38,COM
2003 S4-B,3.838,0.904,40.4,224.54,153.68,53285,2453148.69,COM
2003 T2,1.786,0.9997,87.53,238.53,152.23,52972,2452957.53,COM
2003 T3,1.481,0.9997,50.44,347.06,43.77,53220,2453124.5,COM
2003 V1,1.783,0.997,28.68,25.83,8.63,53018,2452709.68,COM
2004 DZ61,2.013,0.956,66.81,172.79,44.46,53085,2453152.36,COM
2004 F2,1.43,0.9906,104.96,248.27,317.14,53129,2453000.15,COM
2004 F4,0.168,0.9993,63.16,222.78,332.79,53157,2453112.59,COM
2004 G1,1.201,0.9963,114.49,228.34,110.6,53111,2453161.43,COM
2004 H1,2.081,0.9999,140.67,120.05,290.52,53114,2453019.8,COM
2004 HV60,3.074,0.9492,92.71,44.83,148.09,53125,2452990.77,COM
2004 K1,3.399,0.9981,153.75,326.92,97.75,53500,2453556.6,COM
2004 K3,1.103,0.981,111.93,275.54,60.49,53167,2453186.96,COM
2004 L1,2.047,0.9976,159.36,66.17,243.58,53390,2453459.61,COM
2004 L2,3.779,0.9952,62.52,99.18,257.31,53677,2453689.6,COM
2004 P1,6.014,0.9993,28.82,284.18,16.58,53257,2452860.24,COM
2004 Q1,2.047,0.989,56.09,22.13,32.97,53350,2453346.37,COM
2004 Q2,1.205,0.9995,38.59,93.62,19.5,53459,2453395.41,COM
2004 R2,0.113,1,63.17,182.46,5.35,53263,2453286.4,COM
2004 RG113,1.942,0.9972,21.62,8.77,125.31,53412,2453433.22,COM
2004 S1,0.682,1,114.67,19.22,92.82,53286,2453348.42,COM
2004 T3,8.864,0.9985,71.96,50.35,259.69,53414,2452744.82,COM
2004 U1,2.659,0.9992,130.62,112.55,20.13,53375,2453348.26,COM
2004 V13,0.181,1,34.81,207.7,92.69,53373,2453360.65,COM
2004 X2,3.793,0.9974,72.12,307.34,162.22,53385,2453241.83,COM
2004 YJ35,1.781,0.9999,52.48,328.25,136.9,53402,2453432.65,COM
2005 G1,4.961,0.9997,108.41,299.59,113.81,53599,2453793.77,COM
2005 H1,4.769,0.8969,81.51,71.49,95.21,53518,2453307.03,COM
2005 K2,0.545,1,102.05,45.71,216.58,53510,2453556.89,COM
2005 L2,3.194,1,152.76,155.87,294.24,53616,2453566.02,COM
2005 L3,5.594,0.9996,139.45,288.74,47.13,54729,2454481.85,COM
2005 N1,1.125,0.9985,51.18,3.24,80.05,53667,2453604.54,COM
2005 N4,2.304,0.9606,116.63,64.04,136.55,53565,2453554.1,COM
2005 O1,3.591,0.9296,155.98,304.8,324.74,53594,2453507.87,COM
2005 P3,0.526,0.9877,89.71,242.78,32.14,53618,2453592.25,COM
2005 R4,5.188,0.9975,164.01,63.77,6.89,53779,2453802.51,COM
2005 S4,5.85,0.999,107.96,318.29,31.45,54257,2454300.15,COM
2005 X1,2.862,0.9957,91.94,302.8,117.78,53741,2453557.26,COM
2005 YW,1.993,0.9895,40.54,302.21,234.63,54065,2454077.35,COM
2006 A1,0.555,0.9998,92.74,211.34,351.19,53818,2453788.68,COM
2006 A2,5.316,0.9986,148.32,233.23,141.02,53812,2453510.61,COM
2006 B1,2.998,0.9978,134.28,161.24,302.49,53854,2453694.02,COM
2006 CK10,1.752,0.9919,144.26,243.81,143.46,53880,2453919.78,COM
2006 GZ2,3.303,0.9999,168.68,355.32,191.48,53836,2453969.44,COM
2006 K4,3.189,0.9982,111.33,116.6,233.6,54255,2454433.8,COM
2006 L1,1.462,0.9973,143.24,101.76,338.41,54082,2454026.5,COM
2006 M1,3.556,0.9769,54.88,231.62,122.89,54093,2454145.42,COM
2006 O2,1.555,0.9964,43.03,283.36,19.98,53984,2454013.91,COM
2006 Q1,2.764,0.9996,59.05,199.55,344.38,54879,2454651.36,COM
2006 S5,2.63,0.973,10.13,281.56,182.11,54414,2454444.25,COM
2006 U6,2.498,0.9987,84.88,180.19,276.6,54559,2454622.98,COM
2006 V1,2.675,0.9896,31.12,335.72,253.4,54217,2454431.02,COM
2006 W3,3.126,0.9998,127.07,113.57,133.51,54901,2455019.15,COM
2006 WD4,0.591,0.999,152.7,226.79,292.69,54120,2454218.9,COM
2006 XA1,1.804,0.9928,30.63,318.66,187.42,54175,2454303.4,COM
2007 B2,2.975,0.996,27.5,14.87,206,54533,2454699.34,COM
2007 D1,8.793,0.9999,41.51,171.08,340.14,54643,2454270.37,COM
2007 D2,1.246,0.9776,178.62,297.13,65.13,54156,2454063.84,COM
2007 D3,5.209,0.992,45.92,148.43,309.09,54432,2454248.2,COM
2007 E1,1.286,0.9802,174.39,153.83,7.1,54241,2454244.33,COM
2007 E2,1.093,0.9992,95.88,232.43,340.53,54235,2454187,COM
2007 H2,1.41,0.9717,52.19,203.77,319.3,54214,2454148.55,COM
2007 K1,9.239,0.9787,108.43,294.66,51.97,54277,2454228.15,COM
2007 K5,1.149,0.9767,64.88,193.74,255.58,54266,2454222.46,COM
2007 K6,3.433,0.9846,105.06,298.08,337.14,54293,2454282.98,COM
2007 M1,7.475,0.9952,139.72,326.81,52.64,54750,2454690.23,COM
2007 M2,3.541,0.9993,80.95,357.28,220.67,54611,2454809.07,COM
2007 M3,3.469,0.9798,161.76,41.62,125.74,54330,2454348.13,COM
2007 N3,1.212,1,178.37,338.54,136.86,54805,2454842.14,COM
2007 T1,0.969,0.9998,117.64,111.43,233.76,54437,2454447.03,COM
2007 T5,4.049,0.9136,45.62,109.84,34.42,54491,2454610.74,COM
2007 VO53,4.843,0.9996,86.99,59.74,75.02,55070,2455312.93,COM
2007 Y2,4.209,0.9965,98.5,303.46,257.69,54535,2454564.9,COM
2008 E3,5.531,0.9985,105.08,105.67,218.09,54687,2454680.72,COM
2008 G1,3.99,0.9891,72.86,215.92,63.7,54594,2454843.49,COM
2008 H1,2.76,0.9466,75.49,34.63,96.04,54602,2454541.92,COM
2008 J1,1.724,0.9896,61.78,273.42,68.12,54681,2454660.76,COM
2008 J5,1.964,0.9729,93.27,287.08,313.38,54642,2454557.57,COM
2008 L3,2.011,0.9938,100.2,24.19,101.81,54643,2454578.91,COM
2008 N1,2.784,0.9971,115.52,357.47,100.81,55004,2455100.38,COM
2008 Q1,2.959,0.995,118.63,9.31,104.48,54840,2454830.63,COM
2008 Q3,1.798,0.9998,140.71,219.73,340.86,55070,2455005.59,COM
2008 X3,1.902,0.9565,66.47,337.75,140.8,54838,2454750.09,COM
2009 B2,2.328,0.9443,156.87,18.81,192.5,54901,2454897.89,COM
2009 E1,0.6,0.9851,127.45,105.96,48.96,54950,2454929.42,COM
2009 F1,1.831,0.9827,171.38,357.95,219.58,54916,2455008.39,COM
2009 F2,5.875,0.983,59.37,214.06,336.34,55386,2455149.61,COM
2009 F5,2.245,0.972,84.99,219.06,297.37,54958,2454775.33,COM
2009 F6,1.274,0.9975,85.76,278.68,129.77,54973,2454958.93,COM
2009 G1,1.129,0.9977,108.31,120.63,175.44,54960,2454938.01,COM
2009 K2,3.246,0.9978,66.82,123.81,147.69,55057,2455234.99,COM
2009 K4,1.549,0.9625,34.82,30.13,127.47,54991,2455001.88,COM
2009 O2,0.696,0.9975,107.96,310.23,133.4,55135,2455279.91,COM
2009 T1,6.22,0.9983,89.89,54.41,282.53,55288,2455112.75,COM
2009 T3,2.281,0.9995,148.74,60.09,32.45,55167,2455208.56,COM
2009 U3,1.414,0.9916,51.26,49.32,77.7,55197,2455275.75,COM
2009 U5,6.094,0.9994,25.47,121.17,23.81,55229,2455369.99,COM
2009 W2,6.907,0.9996,164.49,199.58,121.33,55177,2455318.17,COM
2009 Y1,2.52,0.9933,107.32,160.28,127.39,55591,2455590.4,COM
2010 A4,2.738,0.9906,96.73,346.69,271.69,55320,2455478.24,COM
2010 B1,2.941,0.999,101.98,277.21,211.52,55496,2455599.56,COM
2010 D3,4.248,0.9996,76.39,255.23,304.64,55542,2455443.42,COM
2010 D4,7.148,0.8895,105.66,266.78,44.49,55298,2454921.43,COM
2010 DG56,1.591,0.9764,160.42,3.87,318.29,55374,2455332.06,COM
2010 E1,2.662,0.9759,71.7,169.29,296.99,55286,2455143.46,COM
2010 E3,2.269,0.9922,96.36,117.27,50.43,55262,2455292,COM
2010 F1,3.588,0.9475,64.94,344.39,127.51,55288,2455146.07,COM
2010 F3,5.447,0.9133,4.65,157.41,31.26,55384,2455413.04,COM
2010 FB87,2.843,0.9905,107.63,89.9,265.03,55709,2455507.89,COM
2010 G1,1.205,0.9975,78.39,287.45,168.63,55297,2455289.04,COM
2010 G2,1.981,0.9794,103.75,246.78,137.43,55772,2455806.55,COM
2010 G3,4.908,0.9981,108.27,313.72,75.2,55392,2455297.59,COM
2010 H1,2.745,0.9997,36.53,347.38,233.82,55319,2455366.41,COM
2010 J1,1.696,0.9538,134.38,254.81,333.11,55339,2455232.32,COM
2010 J2,3.387,0.9995,125.85,311.79,4.62,55424,2455351.37,COM
2010 J4,1.086,1,162.3,316.41,83.75,55333,2455319.67,COM
2010 KW7,2.57,0.9743,147.06,104.76,332.31,55524,2455480.85,COM
2010 L3,9.883,0.9992,102.63,38.28,121.77,55541,2455510.96,COM
2010 L4,2.826,0.9647,102.82,125.54,95.77,55385,2455251.16,COM
2011 A3,2.345,0.998,26.07,124.9,141.16,55749,2455911.59,COM
2011 C1,0.883,0.9974,16.83,192.44,84.47,55666,2455669.5,COM
2011 C3,1.517,0.9953,49.38,20.89,206.81,55636,2455659.03,COM
2011 KP36,4.883,0.8729,18.99,173.4,180.59,57561,2457535.37,COM
2011 N2,2.563,0.9997,33.68,274.02,357.04,55767,2455853.24,COM
2011 O1,3.891,0.9968,76.5,89.82,232.38,56169,2456157.97,COM
2011 Q1,6.78,0.9979,94.86,142.24,135.93,55825,2455741.95,COM
2011 Q4,1.112,0.9742,147.84,252.09,1.88,55870,2455825.58,COM
2011 W3,0.006,0.9999,134.36,326.37,53.51,55901,2455911.51,COM
2012 A2,3.537,0.9964,125.87,191.4,101.67,56263,2456236.6,COM
2012 C1,4.838,0.9962,96.28,300.64,279.89,56236,2456328.02,COM
2012 CH17,1.296,1,27.74,125.98,137.99,56023,2456198.72,COM
2012 E1,7.503,0.998,122.54,286.32,48.89,56043,2455746.55,COM
2012 E3,3.827,0.9827,105.66,5.53,103.52,56015,2455694.42,COM
2012 F1,2.551,0.9657,159.4,129.97,300.43,56008,2455976.59,COM
2012 F6,0.731,0.9985,82.61,332.72,304.99,56502,2456376.01,COM
2012 K5,1.142,0.9985,92.85,279.04,139.29,56215,2456260.19,COM
2012 K6,3.353,0.9992,135.22,206.9,338.83,56657,2456433.96,COM
2012 L1,2.262,0.9971,87.22,271.77,140.29,56251,2456286.91,COM
2012 L2,1.509,0.9973,70.98,270.3,205.79,56279,2456421.84,COM
2012 L3,3.045,0.9908,134.2,53.49,107.09,56126,2456090.72,COM
2012 LP26,6.536,0.9993,25.38,153.99,145.15,57304,2457251.07,COM
2012 OP,3.607,0.9966,114.83,267.37,351.44,56315,2456266.24,COM
2012 S4,4.349,1,126.54,173.1,163.62,56406,2456471.52,COM
2012 T4,1.956,0.9912,24.09,99.37,219.92,56218,2456211.43,COM
2012 U1,5.264,0.9996,56.34,26.98,70.05,56657,2456843.22,COM
2012 V1,2.089,0.9994,157.84,85.37,123.34,56267,2456495.04,COM
2012 V2,1.455,0.9976,67.18,262.16,217.32,56358,2456521,COM
2012 X1,1.599,0.9896,44.37,113.15,132.11,56644,2456710.13,COM
2012 Y1,2.016,0.9469,20.96,193.25,268.83,56309,2456310.7,COM
2013 E2,1.413,0.9939,21.86,182.47,95.82,56516,2456360.53,COM
2013 F2,6.218,0.9993,61.75,344.27,122.99,56501,2456401.51,COM
2013 F3,2.253,0.997,85.44,266.11,18.76,56463,2456437.76,COM
2013 G5,0.929,0.9997,40.61,144.28,165.67,56405,2456537,COM
2013 G6,2.048,0.9947,124.08,44.57,215.69,56461,2456498.73,COM
2013 G7,4.677,0.9979,105.11,48.4,218.26,56496,2456735.17,COM
2013 G8,5.141,0.9984,27.62,241.02,80.17,56549,2456611.48,COM
2013 H1,2.647,0.9854,27.09,84.97,136.58,56430,2456432.17,COM
2013 J3,3.989,0.998,118.23,200.76,320.96,56476,2456346.38,COM
2013 J6,2.416,0.9596,85.05,68.42,125.64,56439,2456392.06,COM
2013 K1,0.948,0.9881,42.34,125.91,171.33,56443,2456442.67,COM
2013 N4,1.21,0.9748,37.04,322.61,142.28,56550,2456526.01,COM
2013 O3,3.18,0.9961,102.84,276.75,337.97,56570,2456545.49,COM
2013 P2,2.835,0.9989,125.53,2.03,104.97,56711,2456705.55,COM
2013 PE67,1.847,0.9668,116.72,325.96,59.48,56609,2456635.8,COM
2013 R1,0.812,0.9984,64.04,70.71,67.17,56655,2456649.23,COM
2013 TW5,5.831,0.9869,31.4,319.7,190.38,56831,2456887.16,COM
2013 U2,5.117,0.9943,43.09,7,107.38,56966,2456956.37,COM
2013 UQ4,1.081,0.9822,145.26,317.66,23.31,56850,2456844.46,COM
2013 V5,0.626,0.9987,154.89,278.62,314.57,56784,2456928.72,COM
2013 Y2,1.919,0.9913,29.41,243.4,308.84,56727,2456822.15,COM
2014 A5,4.8,0.9604,31.99,310.1,182.58,56890,2456883.03,COM
2014 C3,1.862,0.9828,151.78,204.41,345.88,56744,2456674.23,COM
2014 E2,0.664,0.999,156.39,56.39,344.04,56871,2456841.01,COM
2014 F1,3.496,0.9991,108.25,239.9,8.24,56766,2456570.33,COM
2014 F2,4.314,0.9709,119.06,267.45,86.04,56875,2457024.8,COM
2014 G1,5.469,0.9947,165.64,337.93,77.05,56727,2456603.2,COM
2014 G3,4.698,0.9156,155.82,4.54,147.8,56925,2457056.08,COM
2014 H1,2.139,0.9849,99.94,34.7,169.18,56780,2456762.83,COM
2014 M2,6.91,0.9927,32.42,245.35,40.28,56857,2456851.13,COM
2014 M3,2.434,0.9824,164.91,80.37,93.74,56865,2456830.43,COM
2014 N2,2.184,0.9995,133.01,143.8,237.86,56873,2456938.73,COM
2014 N3,3.882,0.9993,61.64,19.93,353.57,57239,2457094.7,COM
2014 OE4,6.244,0.9997,81.35,240.39,65.76,57885,2457733.38,COM
2014 Q1,0.315,0.9997,43.11,8.76,120.05,57070,2457210.01,COM
2014 Q2,1.29,0.9978,80.3,94.98,12.4,57111,2457052.57,COM
2014 QU2,2.223,0.9913,124.82,333,320.47,56904,2456848.41,COM
2014 Q6,4.223,0.9993,49.8,326.66,2.53,56958,2457028.88,COM
2014 R1,1.345,0.9925,9.93,104.05,55.65,57031,2456980.74,COM
2014 R3,7.276,0.9995,90.84,334.11,113.43,57846,2457608.73,COM
2014 R4,1.818,0.9994,42.41,279.53,180.84,56947,2456952.01,COM
2014 S2,2.101,0.9876,64.67,8.12,87.81,57397,2457366.3,COM
2014 S3,2.049,0.9768,169.32,356.05,293.14,56938,2456882.82,COM
2014 U3,2.556,0.9933,152.99,163.56,51.07,56943,2456903.34,COM
2014 UN271,10.931,0.9976,95.49,190,326.43,58851,2462895.78,COM
2014 W2,2.67,0.9983,82,69.96,85.01,57435,2457457.98,COM
2014 W5,2.399,0.9791,145.49,245.34,281.26,57065,2457429.11,COM
2014 XB8,3.01,0.9967,149.78,37.47,351.45,57056,2457118.12,COM
2015 C2,0.711,0.9985,94.5,49.53,334.13,57138,2457086.07,COM
2015 D4,0.862,0.9891,77.3,305.81,314.69,57111,2456958.74,COM
2015 ER61,1.042,0.9973,6.35,235.22,68.19,57873,2457883.44,COM
2015 F2,1.211,0.9684,28.69,262.55,352.03,57156,2457141.32,COM
2015 F3,0.834,0.9964,73.39,31.64,57.57,57128,2457090.86,COM
2015 F4,1.644,0.9859,48.7,285.96,36.35,57256,2457245.36,COM
2015 J2,4.32,0.9825,17.28,56.76,203.69,57218,2457274.41,COM
2015 K1,2.557,0.9858,29.38,5.18,280.2,57264,2456944.08,COM
2015 K2,1.455,0.9944,29.11,223.71,15.77,57168,2457182.3,COM
2015 M1,2.092,0.9946,57.31,100.29,163.98,57203,2457158.18,COM
2015 M3,3.552,0.9733,65.95,143.09,123.76,57268,2457260.73,COM
2015 O1,3.73,1,127.21,299.86,89.59,58161,2458168.53,COM
2015 P3,0.715,0.9971,58.18,88.15,132.87,57251,2457231.3,COM
2015 R3,4.903,0.9987,83.61,36.41,272.02,57229,2456700.4,COM
2015 T4,2.296,0.9736,87.92,251.79,270.14,57372,2457558.45,COM
2015 TQ209,1.413,0.9989,11.39,224.08,281.51,57376,2457628.1,COM
2015 V3,4.236,0.9948,86.23,2.34,0.82,57411,2457351.37,COM
2015 WZ,1.377,0.9929,134.13,40.05,66.71,57511,2457494.3,COM
2015 Y1,2.514,0.9914,71.22,135.78,24.71,57447,2457523.68,COM
2016 A5,2.947,0.9973,40.33,136.22,321.63,57378,2457201.83,COM
2016 A6,2.413,0.9906,120.93,300.25,141.12,57407,2457332.43,COM
2016 A8,1.881,0.9463,148.21,111.23,130.27,57611,2457631.17,COM
2016 B1,3.206,0.9924,50.48,231.95,8.56,57840,2457727.22,COM
2016 C2,1.56,0.9756,38.16,24.4,214.4,57459,2457498.1,COM
2016 KA,5.4,0.999,104.63,317.56,63.09,57557,2457419.75,COM
2016 M1,2.21,0.9991,90.99,92.2,209.83,58143,2458340.68,COM
2016 N4,3.199,0.9994,72.56,354.03,55.95,58007,2458013.1,COM
2016 N6,2.669,0.9987,105.83,298.98,162.8,58150,2458317.7,COM
2016 P4,5.892,0.9817,29.93,320.78,355.9,57649,2457676.94,COM
2016 Q2,7.082,0.9999,109.39,322.3,84.51,59087,2459346.13,COM
2016 R2,2.602,0.9963,58.22,80.57,33.19,58267,2458248.08,COM
2016 R3,0.447,0.9955,53.07,78.67,118.14,57646,2457672.5,COM
2016 T1,2.3,0.9818,129.82,56.23,137.35,57717,2457786.15,COM
2016 T2,1.908,0.9813,81.31,339.1,92.28,57721,2457751.6,COM
2016 T3,2.649,0.9814,22.68,271.75,194.68,57929,2458003.48,COM
2016 VZ18,0.91,0.9953,24.04,98.95,36.39,57804,2457819.88,COM
2016 X1,7.564,0.9963,26.46,256.43,224.57,58389,2458603.38,COM
2017 A1,2.29,0.9715,49.79,121.07,2.04,57793,2457890.63,COM
2017 A3,3.855,0.9111,98.51,97.9,304.11,57794,2457784.11,COM
2017 AB5,9.216,0.9999,32.43,42.69,78.4,58150,2458167.38,COM
2017 C2,2.431,0.9753,118.58,249.82,138.78,57823,2457775.12,COM
2017 D2,2.486,0.9982,31.27,331.04,334.34,57975,2457949.03,COM
2017 D5,2.167,0.9808,131.04,92.72,287.82,57817,2457762.37,COM
2017 E4,0.494,0.999,88.19,223.17,87.24,57843,2457866.81,COM
2017 E5,1.783,0.9956,122.64,206.19,306.77,57765,2457550.39,COM
2017 G3,2.59,0.9911,159.05,279.47,73.1,57899,2457858.53,COM
2017 K6,2.003,0.9982,57.25,85.05,303.84,58154,2458121.64,COM
2017 M3,4.656,0.9732,77.51,7,110.33,58055,2457871.78,COM
2017 O1,1.499,0.9964,39.85,25.81,20.91,58039,2458041.29,COM
2017 P2,2.462,0.998,50.08,165.55,132.24,58009,2458094.06,COM
2017 T2,1.615,0.9997,57.23,64.38,92.99,58830,2458974.45,COM
2017 T3,0.825,0.9994,88.11,230.09,246.89,58113,2458318.65,COM
2017 Y1,3.719,0.999,55.24,307.51,134.45,58186,2457996.97,COM
2018 A3,3.277,0.9934,139.56,194.28,86.43,58459,2458496.36,COM
2018 E1,2.705,0.9503,72.48,146.84,299.47,58222,2458225.82,COM
2018 E2,3.922,0.9976,97.74,67.2,277.48,58202,2458111.19,COM
2018 EF9,1.557,0.9976,84.69,172.58,72.62,58226,2458261.63,COM
2018 F1,2.993,0.9907,46.07,177.29,71.63,58548,2458466.58,COM
2018 KJ3,3.627,0.9958,136.67,91.59,217.71,58340,2458736.48,COM
2018 L2,1.712,0.993,67.42,243.02,56.23,58481,2458455.08,COM
2018 N1,1.307,0.9969,159.44,292.44,354.56,58322,2458332.48,COM
2018 R3,1.291,0.9993,69.72,324.63,112.88,58538,2458641.7,COM
2018 R4,1.709,0.9944,11.68,298.46,345.15,58363,2458181.17,COM
2018 V4,3.199,0.9848,69,78.38,0.01,58439,2458544.19,COM
2018 X2,2.126,0.9863,23.07,340.83,162.05,58524,2458673.03,COM
2018 Y1,1.287,0.9911,160.4,147.48,358.06,58545,2458521.53,COM
2019 A9,1.426,0.9633,84.34,278.37,237.8,58567,2458691.03,COM
2019 B1,1.597,0.9897,123.36,290.43,174.88,58524,2458562.42,COM
2019 C1,6.581,0.9921,36.02,212.4,319.19,58963,2458975.22,COM
2019 D1,1.578,0.9885,34.1,231.72,70.48,58653,2458615.34,COM
2019 G2,2.291,0.9967,159.21,208.14,82.65,58770,2458827.57,COM
2019 H1,1.845,0.9922,104.58,269.19,19.28,58619,2458601.24,COM
2019 J1,2.479,0.9654,24.55,98.09,167.79,58652,2458582.84,COM
2019 J2,1.727,0.9977,105.14,25.47,98.7,58644,2458684.22,COM
2019 JU6,2.046,0.9994,148.29,21.7,94.92,58622,2458635.56,COM
2019 K4,2.259,0.9991,105.31,180.17,139.77,58720,2458650.92,COM
2019 K5,2.035,0.9865,15.32,177.19,174.92,58739,2458657.25,COM
2019 K6,3.929,0.9976,132.39,42.93,187.58,58707,2458989.52,COM
2019 K7,4.475,1,103.54,307.93,27.31,59226,2459017.47,COM
2019 K8,3.195,0.9977,93.22,291.05,85.35,58674,2458685.72,COM
2019 LB7,2.483,0.9293,164.23,3.29,335.89,58653,2458569.73,COM
2019 N1,1.705,0.9999,82.42,13.58,193.45,58960,2459185.31,COM
2019 O2,9.683,0.8311,93.29,48.31,129.66,59325,2460042.28,COM
2019 S4,3.442,0.9858,92.03,63.17,71.35,58897,2458947.44,COM
2019 T2,2.646,0.9987,111.49,155.64,239.39,59271,2459326.77,COM
2019 T3,5.947,0.9981,121.86,139.52,112.29,59381,2459276.32,COM
2019 T4,4.242,0.9956,53.63,199.94,351.18,59988,2459739.49,COM
2019 U6,0.914,0.9979,61,235.71,329.66,58967,2459019.32,COM
2019 V1,3.097,0.999,61.87,83.21,51.21,58813,2459047.09,COM
2019 Y1,0.838,0.9965,73.35,31.37,57.5,58951,2458924.06,COM
2019 Y4,0.253,0.9992,45.38,120.57,177.41,58903,2459000.52,COM
2019 Y4-B,0.253,0.9998,45.47,120.63,177.37,58956,2459000.52,COM
2019 Y5,4.914,0.9939,82.83,51.78,303.5,59046,2458713.67,COM
2020 A2,0.978,0.9991,120.75,286.38,68.21,58902,2458856.82,COM
2020 A3,5.767,0.9989,146.7,120.79,268.41,58781,2458663.36,COM
2020 B2,2.768,0.9592,55.7,354.34,143.63,58883,2458874.79,COM
2020 B3,3.344,0.9983,20.7,185.82,325.09,58921,2458776.39,COM
2020 F3,0.295,0.9992,128.94,61.01,37.28,59036,2459034.18,COM
2020 F5,4.325,0.9951,52.26,350.53,311,59665,2459295.93,COM
2020 F6,3.511,0.9908,174.58,207.88,344.59,58994,2458951.07,COM
2020 F7,5.332,0.9931,93.95,321.89,227.99,59192,2459532.61,COM
2020 F8,0.43,0.9998,110.8,260.03,68.2,58963,2458997.05,COM
2020 H2,0.834,0.9955,125.04,277.64,26.69,58994,2458967.09,COM
2020 H4,0.938,0.9923,84.33,307.76,116.83,58969,2459090.78,COM
2020 H5,9.345,0.9973,70.23,210.63,326.41,59482,2459195.55,COM
2020 H7,4.42,0.9994,135.92,323.53,82.77,58990,2459004.01,COM
2020 H8,4.675,0.9924,99.65,68.41,128.9,59024,2459004.7,COM
2020 H11,7.631,0.9993,151.41,303.01,91.49,58934,2459107.98,COM
2020 K1,3.073,0.9999,89.66,94.36,213.98,59779,2460073.57,COM
2020 K3,1.593,0.9924,128.72,27.93,62.7,59008,2458999.62,COM
2020 K4,1.773,0.9612,125.91,264.11,310.29,59016,2458915,COM
2020 K7,6.384,0.9416,32.07,286.11,358.13,59093,2458785.27,COM
2020 M5,3.004,0.9999,93.22,352.1,126.34,59428,2459446.38,COM
2020 N2,1.794,0.9824,161.03,257.08,331.23,59060,2459085.21,COM
2020 P3,6.812,0.9991,61.88,19.48,82.25,59409,2459325.34,COM
2020 PV6,2.296,0.945,128.24,329.14,71.38,59487,2459483.5,COM
2020 Q1,1.315,0.9779,142.92,52.38,9.88,59098,2459076.16,COM
2020 R2,4.692,0.9887,53.22,195.09,211.71,59412,2459634.81,COM
2020 R4,1.029,0.9894,164.46,323.27,46.71,59286,2459275.44,COM
2020 R6,3.13,0.9922,82.81,12.18,272.01,59082,2458736.49,COM
2020 S3,0.398,0.998,19.86,222.99,349.89,59284,2459196.17,COM
2020 S8,2.364,0.9914,108.52,24.05,160.33,59294,2459315.43,COM
2020 T2,2.055,0.9934,27.87,83.05,150.38,59349,2459406.64,COM
2020 T5,1.889,0.998,66.6,237.86,90.29,59134,2459132.12,COM
2020 U3,2.276,0.9648,30.18,282.68,124.26,59175,2459251.47,COM
2020 U5,3.756,0.9994,97.27,107.34,75.42,59583,2459697.38,COM
2020 X4,5.206,0.8794,80.49,161.91,139.91,59273,2459167.98,COM
2020 Y2,3.132,0.997,101.3,26.52,266.11,59825,2459748.2,COM
2020 Y3,1.999,0.9868,83.1,191.43,342.04,59270,2459186.99,COM
2021 A2,1.413,0.9945,106.98,125.24,338.85,59265,2459237.13,COM
2021 A4,1.145,0.9732,111.57,307.08,204.67,59261,2459293.54,COM
2021 A6,7.928,0.9992,75.61,164.08,351.69,59662,2459338.64,COM
2021 A7,1.968,0.9997,78.15,154.52,356.07,59319,2459410.83,COM
2021 A10,1.269,0.9863,151.52,188.35,82.27,59243,2459288.77,COM
2021 B2,2.513,0.9925,38.09,120.56,334.97,59307,2459338.78,COM
2021 B3,2.16,0.9382,119.49,67.28,293.56,59261,2459284.41,COM
2021 C1,3.481,0.9996,143.04,186.89,336.31,59299,2459190.61,COM
2021 C3,2.277,0.9641,122.16,181.92,357.15,59301,2459257.94,COM
2021 C4,4.504,0.9992,132.84,194.28,320.23,59372,2459231.55,COM
2021 C5,3.242,0.9993,50.78,323.69,270.92,59640,2459986.54,COM
2021 D1,0.902,0.9906,31.46,311.27,72.22,59292,2459273.11,COM
2021 F1,0.995,0.9957,107.32,203.45,146.83,59641,2459676.38,COM
2021 G1,3.424,0.9549,131.57,270.7,107.5,59325,2459417.78,COM
2021 G2,4.982,0.9996,48.47,221.09,343.31,60235,2460562.95,COM
2021 J2,4.707,0.9599,156.21,23.33,172.06,59611,2459479.98,COM
2021 N3,5.711,0.9643,26.75,337.49,304.7,59682,2459081.1,COM
2021 P2,5.069,0.9979,150.06,32.08,76.69,59958,2459967.16,COM
2021 P4,1.08,0.9966,56.31,348.09,175.82,59590,2459790.88,COM
2021 Q3,5.205,0.9303,77.78,307.9,114.09,59589,2459605.58,COM
2021 Q6,8.709,0.9996,161.85,133.53,140.92,59982,2460392.89,COM
2021 QM45,2.773,0.9922,22.82,354.59,72.8,59801,2459804.94,COM
2021 R2,7.312,0.9975,134.47,16.28,32.3,59526,2459573.5,COM
2021 R7,5.641,0.9952,158.85,170.15,139.99,59541,2459318.98,COM
2021 S4,6.689,0.9593,17.48,5.49,72.87,60230,2460311.81,COM
2021 T1,3.058,0.998,140.35,56.82,51.5,59555,2459501.57,COM
2021 T4,1.483,0.9999,160.78,257.88,329.81,60047,2460157.03,COM
2021 U4,1.787,0.9593,152.88,241.8,237.29,59514,2459570.47,COM
2021 U5,2.363,0.9891,39.05,182.76,321.47,59629,2459606.11,COM
2021 V1,3.014,0.9956,71.44,207.65,195.1,59534,2459699.86,COM
2022 A1,1.253,0.9992,116.53,285.52,201.18,59586,2459610.64,COM
2022 A3,3.703,0.996,88.35,325.48,234.85,60000,2460216.34,COM
2022 B4,1.38,0.9964,20.04,340.66,152.96,59636,2459609.4,COM
2022 D2,1.555,0.9956,22.65,312.47,177.79,59649,2459666.08,COM
2022 F1,5.975,0.9994,57.97,350.65,278.28,60041,2459796.72,COM
2022 H1,7.689,0.9936,49.87,6.37,246.33,59802,2460328.93,COM
2022 J1,1.604,0.9664,105.93,280.72,305.66,59724,2459629.55,COM
2022 J2,1.828,0.9802,149.09,252.56,133.06,59788,2459879.56,COM
2022 JK5,2.687,0.9379,16.83,59.65,247.17,60192,2460063.35,COM
2022 L1,1.592,0.9971,123.47,300.02,59.85,59821,2459850.74,COM
2022 L4,3.015,0.9881,141.22,66.05,125.3,59742,2459557.13,COM
2022 N1,1.482,0.96,164.74,301.86,41.07,59779,2459832.55,COM
2022 P3,2.561,0.9895,59.52,72.23,0.09,59873,2459787.84,COM
2022 R2,0.633,0.9985,52.89,60.4,78.38,59851,2459877.72,COM
2022 S4,2.764,0.9997,101.21,220.17,268.44,60180,2460509.8,COM
2022 T1,3.445,0.9997,22.54,236.92,324.32,60227,2460358.01,COM
2022 U1,4.202,0.9994,128.15,72.53,78.58,60372,2460395.36,COM
2022 U2,1.328,0.9861,48.25,304.48,147.91,59951,2459958.72,COM
2022 U4,2.898,0.9992,52.04,132.93,89.01,60047,2460160.18,COM
2022 V2,2.064,0.944,98.91,332.87,168.95,60190,2460250.43,COM
2022 W2,3.123,0.9906,63.53,320.45,123.26,59961,2460012.19,COM
2022 W3,1.398,0.995,103.56,132.27,116.52,60087,2460118.28,COM
2023 A1,1.835,0.992,94.74,318.31,159.25,60009,2460022.23,COM
2023 A2,0.947,0.9983,94.71,94.47,142.58,60009,2459964.89,COM
2023 B2,1.743,0.9971,40.77,218.12,317.4,60054,2460014,COM
2023 C2,2.368,0.9993,48.32,301.01,357.46,60370,2460631.32,COM
2023 F1,1.708,0.9935,131.75,25.25,216.65,60051,2460123.85,COM
2023 H1,4.448,0.9944,21.78,292.65,333.77,60393,2460643.33,COM
2023 H2,0.894,0.9963,113.75,217.04,150.65,60224,2460246.69,COM
2023 K1,2.04,0.9972,138,223.71,337.47,60148,2460195.25,COM
2023 P1,0.225,0.9961,132.48,66.83,116.3,60195,2460205.14,COM
2023 Q2,3.209,0.9905,104.05,92.68,171.73,60220,2460485.6,COM
2023 S2,1.068,0.9929,20.49,230.56,78.11,60228,2460232.88,COM
2023 T2,1.995,0.9914,48.6,317.53,111.19,60271,2460301.29,COM
2023 T3,3.548,0.9952,27.22,246,302.85,60475,2460700.86,COM
2023 TD22,2.357,0.951,170.49,5.56,32.53,60522,2460569.79,COM
2023 U1,4.973,0.9978,108.15,305.81,255.61,60514,2460596.17,COM
2023 V1,5.093,0.9996,102.01,15.03,103.31,60368,2460869.6,COM
2023 X1,0.95,0.9942,110.59,137.01,321.47,60290,2460235.59,COM
2024 B2,4.076,0.9993,99.84,294.38,130.31,60357,2460223.5,COM
2024 C4,1.471,0.9825,79.29,220.69,321.52,60420,2460339.7,COM
2024 E2,7.692,0.852,155.65,135.65,358.04,60386,2460241.27,COM
2024 G1,3.93,0.9674,95.4,30.6,128.23,60445,2460604.6,COM
2024 G2,5.348,0.9929,122.13,171.39,328.73,60578,2460840.01,COM
2024 G4,4.899,0.9985,33.03,153.01,131.43,60334,2461121.28,COM
2024 G5,2.953,0.9944,50.39,316.4,209.56,60392,2460560.48,COM
2024 J2,1.811,0.9877,79.3,189.06,143.15,60572,2460754.27,COM
2024 J4,5.695,0.9988,117.54,19.29,127.87,60518,2460791.65,COM
2024 PN7,1.525,0.9774,101.21,358.58,74.27,60612,2460650.94,COM
2024 Q4,5.419,0.9961,3.31,324.35,132.92,60606,2460626.34,COM
2024 S1,0.008,0.9999,141.9,347.15,69.16,60589,2460611.99,COM
2024 T3,3.716,0.9551,53.48,74.83,336.89,60638,2460749.75,COM
2024 U1,4.836,0.9939,128.71,270.24,188.08,60571,2460492.19,COM
2024 V1,2.318,0.9902,54.62,328.2,168.66,60690,2460769.6,COM
2024 V2,1.243,0.9668,95.97,102.19,13.69,60630,2460618.3,COM
2024 W1,2.561,0.9429,83.2,310.73,256.73,60657,2460753.58,COM
2024 X2,3.676,0.9273,109.22,122.52,315.77,60696,2460864.32,COM
2024 Y1,0.822,0.9867,64.75,112.55,238.14,60675,2460641.36,COM
2025 A6,0.529,0.9957,143.63,108.1,133,60693,2460987.98,COM
2025 E1,3.994,0.9985,69.08,344.6,274.46,60718,2461306.97,COM