provID,actualProvID,ra,dec,obsTime,stn,rmsRA,rmsDec,rmsTime,rmsCorr,uncTime
119839,2002 CX17,138.93912,17.23753,1997-03-04T05:06:21.600Z,704,,,,,
119839,2002 CX17,138.91971,17.23875,1997-03-04T07:43:35.616Z,704,,,,,
119839,2002 CX17,327.33458,-13.43625,1999-09-03T05:07:08.256Z,691,,,,,
119839,2002 CX17,327.32996,-13.43683,1999-09-03T05:40:26.688Z,691,,,,,
119839,2002 CX17,327.32442,-13.43750,1999-09-03T06:19:33.312Z,691,,,,,
119839,2002 CX17,129.41192,23.83381,2002-01-21T05:41:03.840Z,704,,,,,
119839,2002 CX17,129.40108,23.83494,2002-01-21T06:45:09.504Z,704,,,,,
119839,2002 CX17,129.39771,23.83558,2002-01-21T07:06:29.088Z,704,,,,,
119839,2002 CX17,129.13842,23.86472,2002-01-22T09:44:11.616Z,291,,,,,
119839,2002 CX17,129.13162,23.86539,2002-01-22T10:25:10.560Z,291,,,,,
119839,2002 CX17,129.12687,23.86586,2002-01-22T10:54:37.440Z,291,,,,,
119839,2002 CX17,125.67596,24.12800,2002-02-06T07:27:08.928Z,704,,,,,
119839,2002 CX17,125.67233,24.12844,2002-02-06T07:48:42.336Z,704,,,,,
119839,2002 CX17,125.66879,24.12847,2002-02-06T08:10:18.336Z,704,,,,,
119839,2002 CX17,125.47092,24.13494,2002-02-07T05:47:00.672Z,704,,,,,
119839,2002 CX17,125.46762,24.13483,2002-02-07T06:07:55.200Z,704,,,,,
119839,2002 CX17,125.46442,24.13531,2002-02-07T06:28:28.992Z,704,,,,,
119839,2002 CX17,125.46050,24.13558,2002-02-07T06:52:29.280Z,704,,,,,
119839,2002 CX17,125.45588,24.13561,2002-02-07T07:23:32.064Z,704,,,,,
119839,2002 CX17,124.42921,24.15094,2002-02-12T04:03:39.744Z,704,,,,,
119839,2002 CX17,124.42613,24.15075,2002-02-12T04:23:54.528Z,704,,,,,
119839,2002 CX17,124.42292,24.15072,2002-02-12T04:44:09.312Z,704,,,,,
119839,2002 CX17,124.41729,24.15086,2002-02-12T05:24:38.016Z,704,,,,,
119839,2002 CX17,121.18037,23.80261,2002-03-06T04:52:33.888Z,704,,,,,
119839,2002 CX17,121.17875,23.80211,2002-03-06T05:12:12.384Z,704,,,,,
119839,2002 CX17,121.17763,23.80178,2002-03-06T05:31:53.472Z,704,,,,,
119839,2002 CX17,202.24908,-20.52819,2003-04-30T06:13:14.016Z,704,,,,,
119839,2002 CX17,202.24408,-20.52656,2003-04-30T06:47:38.976Z,704,,,,,
119839,2002 CX17,202.23933,-20.52506,2003-04-30T07:22:04.800Z,704,,,,,
119839,2002 CX17,318.13412,-21.91242,2004-06-27T15:29:27.744Z,E12,,,,,
119839,2002 CX17,318.13296,-21.91256,2004-06-27T15:44:27.168Z,E12,,,,,
119839,2002 CX17,318.13192,-21.91281,2004-06-27T15:59:31.776Z,E12,,,,,
119839,2002 CX17,318.13079,-21.91275,2004-06-27T16:14:34.656Z,E12,,,,,
119839,2002 CX17,316.18742,-22.21175,2004-07-11T06:46:26.400Z,704,,,,,
119839,2002 CX17,316.18513,-22.21178,2004-07-11T07:01:25.824Z,704,,,,,
119839,2002 CX17,316.18342,-22.21178,2004-07-11T07:16:46.848Z,704,,,,,
119839,2002 CX17,316.18162,-22.21231,2004-07-11T07:31:46.272Z,704,,,,,
119839,2002 CX17,316.17912,-22.21256,2004-07-11T07:47:12.480Z,704,,,,,
119839,,315.23229,-22.34025,2004-07-16T08:39:50.400Z,704,,,,,
119839,,315.22925,-22.34006,2004-07-16T08:55:22.656Z,704,,,,,
119839,2002 CX17,309.37246,-22.78117,2004-08-12T05:09:52.416Z,704,,,,,
119839,2002 CX17,309.37075,-22.78114,2004-08-12T05:24:01.728Z,704,,,,,
119839,2002 CX17,309.36846,-22.78133,2004-08-12T05:38:16.224Z,704,,,,,
119839,2002 CX17,31.62200,22.97108,2005-10-06T18:45:48.384Z,A50,,,,,
119839,2002 CX17,31.62000,22.97056,2005-10-06T18:56:36.384Z,A50,,,,,
119839,2002 CX17,31.39504,22.94625,2005-10-07T23:15:53.568Z,A50,,,,,
119839,2002 CX17,30.93417,22.88558,2005-10-10T07:44:53.376Z,703,,,,,
119839,2002 CX17,30.93225,22.88583,2005-10-10T07:56:17.664Z,703,,,,,
119839,2002 CX17,30.93104,22.88506,2005-10-10T08:07:38.496Z,703,,,,,
119839,2002 CX17,30.92892,22.88461,2005-10-10T08:18:57.600Z,703,,,,,
119839,2002 CX17,26.06513,21.69911,2005-11-02T06:15:33.120Z,704,,,,,
119839,2002 CX17,26.06258,21.69806,2005-11-02T06:33:31.392Z,704,,,,,
119839,2002 CX17,26.06000,21.69778,2005-11-02T06:51:04.608Z,704,,,,,
119839,,112.70458,29.45903,2007-01-08T07:58:30.720Z,703,,,,,
119839,,112.70292,29.45883,2007-01-08T08:08:37.248Z,703,,,,,
119839,,112.70113,29.45956,2007-01-08T08:18:43.776Z,703,,,,,
119839,,112.69904,29.45969,2007-01-08T08:28:52.032Z,703,,,,,
119839,,112.22800,29.47719,2007-01-10T06:25:32.736Z,704,,,,,
119839,,112.22408,29.47675,2007-01-10T06:47:49.344Z,704,,,,,
119839,,112.21671,29.47728,2007-01-10T07:30:44.064Z,704,,,,,
119839,,191.85308,-12.28758,2008-03-08T08:10:26.112Z,691,,,,,
119839,,191.85012,-12.28744,2008-03-08T08:35:54.528Z,691,,,,,
119839,,191.84717,-12.28731,2008-03-08T09:01:23.808Z,691,,,,,
119839,,191.18029,-12.23603,2008-03-12T08:10:58.080Z,691,,,,,
119839,,191.17708,-12.23572,2008-03-12T08:36:29.088Z,691,,,,,
119839,,191.17383,-12.23542,2008-03-12T09:02:00.960Z,691,,,,,
119839,,190.63917,-12.17361,2008-03-15T07:53:59.424Z,704,,,,,
119839,,190.63712,-12.17275,2008-03-15T08:10:14.880Z,704,,,,,
119839,,190.63479,-12.17250,2008-03-15T08:26:19.968Z,704,,,,,
119839,,186.55513,-11.31264,2008-04-04T07:46:22.368Z,703,,,,,
119839,,186.55350,-11.31236,2008-04-04T07:55:06.816Z,703,,,,,
119839,,186.55200,-11.31186,2008-04-04T08:03:46.944Z,703,,,,,
119839,,186.55108,-11.31172,2008-04-04T08:12:31.392Z,703,,,,,
119839,,186.54554,-11.30978,2008-04-04T08:50:56.544Z,703,,,,,
119839,,186.54375,-11.30950,2008-04-04T09:02:00.096Z,703,,,,,
119839,,186.54225,-11.30911,2008-04-04T09:13:02.784Z,703,,,,,
119839,,186.54058,-11.30897,2008-04-04T09:24:07.200Z,703,,,,,
119839,,185.14800,-10.89378,2008-04-11T07:09:55.584Z,703,,,,,
119839,,185.14633,-10.89350,2008-04-11T07:22:49.728Z,703,,,,,
119839,,185.14408,-10.89244,2008-04-11T07:35:43.872Z,703,,,,,
119839,,185.14275,-10.89206,2008-04-11T07:48:39.744Z,703,,,,,
119839,,18.48396,15.62853,2010-09-11T07:10:34.464Z,691,,,,,
119839,,18.48138,15.62856,2010-09-11T07:36:05.472Z,691,,,,,
119839,,18.47871,15.62856,2010-09-11T08:01:38.208Z,691,,,,,
119839,,17.88379,15.60547,2010-09-15T07:23:35.520Z,691,,,,,
119839,,17.88096,15.60533,2010-09-15T07:49:04.800Z,691,,,,,
119839,,17.87800,15.60511,2010-09-15T08:14:30.624Z,691,,,,,
119839,,17.20825,15.54347,2010-09-19T08:49:55.200Z,691,,,,,
119839,,17.20500,15.54353,2010-09-19T09:15:21.024Z,691,,,,,
119839,,17.20183,15.54281,2010-09-19T09:40:46.848Z,691,,,,,
119839,,15.487975,15.266425,2010-09-28T12:28:02.381Z,F51,,,,,
119839,,15.485617,15.265861,2010-09-28T12:44:55.248Z,F51,,,,,
119839,,15.12537,15.19092,2010-09-30T07:47:17.664Z,703,,,,,
119839,,15.12329,15.19053,2010-09-30T07:58:49.728Z,703,,,,,
119839,,15.12179,15.19019,2010-09-30T08:10:30.432Z,703,,,,,
119839,,15.12029,15.18967,2010-09-30T08:22:08.544Z,703,,,,,
119839,,14.51329,15.05200,2010-10-03T07:28:11.136Z,691,,,,,
119839,,14.50950,15.05111,2010-10-03T07:53:45.600Z,691,,,,,
119839,,14.50571,15.05022,2010-10-03T08:19:20.064Z,691,,,,,
119839,,14.467404,15.041217,2010-10-03T12:44:10.579Z,F51,,,,,
119839,,14.465087,15.040656,2010-10-03T12:59:57.264Z,F51,,,,,
119839,,13.67388,14.83981,2010-10-07T08:12:53.856Z,691,,,,,
119839,,13.67117,14.83908,2010-10-07T08:31:08.544Z,691,,,,,
119839,,13.66850,14.83836,2010-10-07T08:49:23.232Z,691,,,,,
119839,,12.85733,14.61044,2010-10-11T06:14:18.816Z,691,,,,,
119839,,12.85358,14.60933,2010-10-11T06:39:46.368Z,691,,,,,
119839,,12.84979,14.60828,2010-10-11T07:05:14.784Z,691,,,,,
119839,,12.43783,14.48411,2010-10-13T06:57:07.488Z,704,,,,,
119839,,12.43483,14.48289,2010-10-13T07:17:08.448Z,704,,,,,
119839,,12.43183,14.48239,2010-10-13T07:36:55.584Z,704,,,,,
119839,,12.42912,14.48147,2010-10-13T07:56:40.992Z,704,,,,,
119839,,12.42617,14.48053,2010-10-13T08:17:16.512Z,704,,,,,
119839,,94.33408,32.82858,2011-12-26T08:11:03.264Z,G96,,,,,
119839,,94.33212,32.82847,2011-12-26T08:22:35.328Z,G96,,,,,
119839,,94.33004,32.82844,2011-12-26T08:34:09.984Z,G96,,,,,
119839,,94.32792,32.82828,2011-12-26T08:45:52.416Z,G96,,,,,
119839,,86.516312,30.969572,2012-02-09T08:51:35.424Z,F51,,,,,
119839,,86.515788,30.968878,2012-02-09T09:08:53.088Z,F51,,,,,
119839,,177.755787,-1.967189,2013-02-03T13:50:06.144Z,F51,,,,,
119839,,177.754658,-1.967397,2013-02-03T14:08:00.960Z,F51,,,,,
119839,,177.29217,-2.01083,2013-02-08T09:34:28.416Z,691,,,,,
119839,,177.29008,-2.01081,2013-02-08T09:59:53.376Z,691,,,,,
119839,,177.28779,-2.01092,2013-02-08T10:25:19.200Z,691,,,,,
119839,,176.663200,-2.000475,2013-02-13T12:33:30.528Z,F51,,,,,
119839,,176.661504,-2.000381,2013-02-13T12:50:07.584Z,F51,,,,,
119839,,176.54054,-1.99278,2013-02-14T09:49:15.744Z,703,,,,,
119839,,176.53875,-1.99331,2013-02-14T10:03:55.296Z,703,,,,,
119839,,176.53783,-1.99333,2013-02-14T10:18:35.712Z,703,,,,,
119839,,176.53663,-1.99303,2013-02-14T10:33:21.312Z,703,,,,,
119839,,176.10217,-1.95667,2013-02-17T09:25:38.784Z,691,,,,,
119839,,176.09967,-1.95572,2013-02-17T09:51:03.744Z,691,,,,,
119839,,176.09675,-1.95542,2013-02-17T10:16:29.568Z,691,,,,,
119839,,173.20604,-1.48186,2013-03-05T06:09:12.096Z,926,,,,,
119839,,173.20217,-1.48117,2013-03-05T06:34:50.880Z,926,,,,,
119839,,173.19896,-1.48056,2013-03-05T06:57:17.856Z,926,,,,,
119839,,172.967646,-1.431875,2013-03-06T09:58:31.296Z,F51,,,,,
119839,,172.964546,-1.431222,2013-03-06T10:19:32.736Z,F51,,,,,
119839,,172.961400,-1.430597,2013-03-06T10:40:37.632Z,F51,,,,,
119839,,172.958296,-1.429961,2013-03-06T11:01:40.800Z,F51,,,,,
119839,,171.72000,-1.15408,2013-03-12T08:51:04.320Z,703,,,,,
119839,,171.71863,-1.15350,2013-03-12T09:00:00.864Z,703,,,,,
119839,,171.71758,-1.15314,2013-03-12T09:09:00.000Z,703,,,,,
119839,,171.71608,-1.15275,2013-03-12T09:17:58.272Z,703,,,,,
119839,,170.67429,-0.90158,2013-03-17T08:07:09.120Z,926,,,,,
119839,,170.67121,-0.90081,2013-03-17T08:27:54.144Z,926,,,,,
119839,,170.66750,-0.89989,2013-03-17T08:52:41.088Z,926,,,,,
119839,,170.49096,-0.85581,2013-03-18T05:17:53.664Z,G45,,,,,
119839,,170.48858,-0.85528,2013-03-18T05:33:13.824Z,G45,,,,,
119839,,170.48071,-0.85336,2013-03-18T06:26:50.496Z,G45,,,,,
119839,,170.46425,-0.84925,2013-03-18T08:17:25.152Z,G45,,,,,
119839,,170.45492,-0.84683,2013-03-18T09:21:02.304Z,G45,,,,,
119839,,170.08017,-0.75167,2013-03-20T05:02:58.560Z,G45,,,,,
119839,,170.06996,-0.74911,2013-03-20T06:13:05.376Z,G45,,,,,
119839,,170.05342,-0.74511,2013-03-20T08:06:12.960Z,G45,,,,,
119839,,170.05063,-0.74431,2013-03-20T08:26:02.688Z,G45,,,,,
119839,,170.04400,-0.74278,2013-03-20T09:10:13.440Z,G45,,,,,
119839,,167.46208,-0.04711,2013-04-03T05:02:18.816Z,703,,,,,
119839,,167.46162,-0.04664,2013-04-03T05:09:31.680Z,703,,,,,
119839,,167.46058,-0.04661,2013-04-03T05:16:50.592Z,703,,,,,
119839,,167.45954,-0.04583,2013-04-03T05:24:07.776Z,703,,,,,
119839,,167.443883,-0.041647,2013-04-03T07:46:40.512Z,F51,,,,,
119839,,167.438775,-0.040278,2013-04-03T08:30:07.200Z,F51,,,,,
119839,,167.436204,-0.039581,2013-04-03T08:51:53.568Z,F51,,,,,
119839,,167.13563,0.04508,2013-04-05T06:21:22.176Z,I41,,,,,
119839,,167.13096,0.04636,2013-04-05T07:03:06.048Z,I41,,,,,
119839,,167.12617,0.04764,2013-04-05T07:46:10.272Z,I41,,,,,
119839,,165.98204,0.37703,2013-04-13T21:22:21.792Z,J43,,,,,
119839,,165.97942,0.37758,2013-04-13T21:54:18.144Z,J43,,,,,
119839,,165.97683,0.37828,2013-04-13T22:26:08.448Z,J43,,,,,
119839,,165.97413,0.37900,2013-04-13T22:57:47.520Z,J43,,,,,
119839,,165.55650,0.49992,2013-04-18T03:11:38.112Z,G96,,,,,
119839,,165.55542,0.50036,2013-04-18T03:29:19.104Z,G96,,,,,
119839,,165.55454,0.50050,2013-04-18T03:42:17.568Z,G96,,,,,
119839,,165.55379,0.50081,2013-04-18T03:55:17.760Z,G96,,,,,
119839,,6.425358,6.184664,2015-07-23T13:19:33.600Z,F51,,,,,
119839,,6.425750,6.185486,2015-07-23T13:36:46.944Z,F51,,,,,
119839,,6.426221,6.186258,2015-07-23T13:54:01.152Z,F51,,,,,
119839,,6.591792,6.607261,2015-07-30T12:53:01.248Z,F51,,,,,
119839,,6.591746,6.607306,2015-07-30T12:53:57.408Z,F51,,,,,
119839,,6.591800,6.607903,2015-07-30T13:10:48.288Z,F51,,,,,
119839,,6.591771,6.607986,2015-07-30T13:11:30.624Z,F51,,,,,
119839,,6.591758,6.608639,2015-07-30T13:28:39.648Z,F51,,,,,
119839,,6.591762,6.608681,2015-07-30T13:29:35.808Z,F51,,,,,
119839,,6.595167,6.657958,2015-07-31T11:53:21.696Z,F51,,,,,
119839,,6.595054,6.658619,2015-07-31T12:12:08.352Z,F51,,,,,
119839,,6.595033,6.659331,2015-07-31T12:29:49.344Z,F51,,,,,
119839,,6.13033,7.16594,2015-08-13T19:30:07.776Z,D29,,,,,
119839,,6.12942,7.16628,2015-08-13T19:50:26.880Z,D29,,,,,
119839,,6.12817,7.16656,2015-08-13T20:10:45.984Z,D29,,,,,
119839,,6.08708,7.17958,2015-08-14T09:51:39.168Z,G45,,,,,
119839,,6.08683,7.17989,2015-08-14T09:59:04.992Z,G45,,,,,
119839,,6.08629,7.18000,2015-08-14T10:06:33.408Z,G45,,,,,
119839,,6.08567,7.18022,2015-08-14T10:18:20.160Z,G45,,,,,
119839,,6.08550,7.18017,2015-08-14T10:21:14.688Z,G45,,,,,
119839,,6.01025,7.20117,2015-08-15T09:54:03.456Z,G45,,,,,
119839,,6.00988,7.20128,2015-08-15T10:01:28.416Z,G45,,,,,
119839,,6.00896,7.20164,2015-08-15T10:16:19.200Z,G45,,,,,
119839,,6.00854,7.20150,2015-08-15T10:23:50.208Z,G45,,,,,
119839,,3.04683,7.09917,2015-09-06T16:36:28.800Z,D29,,,,,
119839,,3.04408,7.09878,2015-09-06T16:58:32.448Z,D29,,,,,
119839,,3.04167,7.09850,2015-09-06T17:20:36.096Z,D29,,,,,
119839,,2.346962,6.977978,2015-09-10T11:38:05.856Z,F51,,,,,
119839,,2.344575,6.977531,2015-09-10T11:55:35.616Z,F51,,,,,
119839,,2.342183,6.977089,2015-09-10T12:13:09.696Z,F51,,,,,
119839,,2.334267,6.975625,2015-09-10T13:11:11.616Z,F51,,,,,
119839,,1.98871,6.90831,2015-09-12T08:25:22.944Z,G45,,,,,
119839,,1.98775,6.90806,2015-09-12T08:33:00.000Z,G45,,,,,
119839,,1.98658,6.90781,2015-09-12T08:40:57.792Z,G45,,,,,
119839,,1.98537,6.90750,2015-09-12T08:49:24.096Z,G45,,,,,
119839,,1.45733,6.79736,2015-09-15T01:14:39.840Z,J43,,,,,
119839,,1.45471,6.79656,2015-09-15T01:33:10.944Z,J43,,,,,
119839,,1.45196,6.79614,2015-09-15T01:51:45.504Z,J43,,,,,
119839,,1.44946,6.79553,2015-09-15T02:10:19.200Z,J43,,,,,
119839,,1.40796,6.78656,2015-09-15T07:12:42.336Z,G45,,,,,
119839,,1.40696,6.78619,2015-09-15T07:20:39.264Z,G45,,,,,
119839,,1.40592,6.78603,2015-09-15T07:27:47.808Z,G45,,,,,
119839,,1.40379,6.78558,2015-09-15T07:42:14.400Z,G45,,,,,
119839,,0.80496,6.64939,2015-09-18T07:00:50.400Z,G96,,,,,
119839,,0.80488,6.64950,2015-09-18T07:01:57.792Z,703,,,,,
119839,,0.80367,6.64911,2015-09-18T07:09:09.792Z,703,,,,,
119839,,0.80342,6.64908,2015-09-18T07:11:22.848Z,G96,,,,,
119839,,0.80258,6.64892,2015-09-18T07:16:21.792Z,703,,,,,
119839,,0.80192,6.64864,2015-09-18T07:21:57.888Z,G96,,,,,
119839,,0.80163,6.64869,2015-09-18T07:23:34.656Z,703,,,,,
119839,,0.80029,6.64833,2015-09-18T07:32:30.336Z,G96,,,,,
119839,,359.77250,6.39267,2015-09-23T07:58:04.800Z,703,,,,,
119839,,359.77250,6.39267,2015-09-23T07:59:17.376Z,G96,,,,,
119839,,359.77142,6.39222,2015-09-23T08:06:31.104Z,703,,,,,
119839,,359.77100,6.39222,2015-09-23T08:09:24.768Z,G96,,,,,
119839,,359.77033,6.39208,2015-09-23T08:14:56.544Z,703,,,,,
119839,,359.76950,6.39189,2015-09-23T08:19:32.160Z,G96,,,,,
119839,,359.76879,6.39228,2015-09-23T08:23:22.848Z,703,,,,,
119839,,359.76804,6.39150,2015-09-23T08:29:40.416Z,G96,,,,,
119839,,359.59712,6.34614,2015-09-24T04:36:00.288Z,G96,,,,,
119839,,359.59546,6.34581,2015-09-24T04:47:05.568Z,G96,,,,,
119839,,359.59383,6.34539,2015-09-24T04:58:09.120Z,G96,,,,,
119839,,359.59217,6.34494,2015-09-24T05:09:14.400Z,G96,,,,,
119839,,359.56350,6.33753,2015-09-24T08:25:09.120Z,G96,,,,,
119839,,359.56208,6.33717,2015-09-24T08:34:43.680Z,G96,,,,,
119839,,359.56071,6.33678,2015-09-24T08:44:18.240Z,G96,,,,,
119839,,359.55929,6.33644,2015-09-24T08:53:55.392Z,G96,,,,,
119839,,358.17417,5.94619,2015-10-01T05:22:39.648Z,G96,,,,,
119839,,358.17300,5.94583,2015-10-01T05:30:59.040Z,G96,,,,,
119839,,358.17183,5.94547,2015-10-01T05:39:21.024Z,G96,,,,,
119839,,358.17058,5.94528,2015-10-01T05:47:43.008Z,G96,,,,,
119839,,357.97638,5.88661,2015-10-02T05:25:56.640Z,G45,,,,,
119839,,357.97633,5.88678,2015-10-02T05:28:07.968Z,G45,,,,,
119839,,357.97521,5.88669,2015-10-02T05:35:38.976Z,G45,,,,,
119839,,357.97408,5.88628,2015-10-02T05:43:22.080Z,G45,,,,,
119839,,357.97304,5.88594,2015-10-02T05:51:01.728Z,G45,,,,,
119839,,356.83642,5.52942,2015-10-08T06:03:15.264Z,703,,,,,
119839,,356.83542,5.52942,2015-10-08T06:10:28.128Z,703,,,,,
119839,,356.83421,5.52917,2015-10-08T06:17:40.992Z,703,,,,,
119839,,356.810925,5.521492,2015-10-08T09:25:00.768Z,F51,,,,,
119839,,356.808537,5.520739,2015-10-08T09:43:17.184Z,F51,,,,,
119839,,356.806154,5.519986,2015-10-08T10:01:35.328Z,F51,,,,,
119839,,356.633742,5.463233,2015-10-09T09:09:23.328Z,F51,,,,,
119839,,356.631408,5.462494,2015-10-09T09:27:35.424Z,F51,,,,,
119839,,356.629083,5.461747,2015-10-09T09:45:44.928Z,F51,,,,,
119839,,356.626771,5.461008,2015-10-09T10:03:54.432Z,F51,,,,,
119839,,356.48867,5.41483,2015-10-10T04:55:43.968Z,G45,,,,,
119839,,356.48813,5.41453,2015-10-10T05:00:55.008Z,G45,,,,,
119839,,356.48546,5.41356,2015-10-10T05:22:19.776Z,G45,,,,,
119839,,356.48304,5.41292,2015-10-10T05:41:02.976Z,G45,,,,,
119839,,356.48092,5.41242,2015-10-10T05:56:36.960Z,G45,,,,,
119839,,356.48100,5.41236,2015-10-10T05:56:49.056Z,G45,,,,,
119839,,355.81421,5.18392,2015-10-14T05:28:17.472Z,703,,,,,
119839,,355.81338,5.18342,2015-10-14T05:37:05.376Z,703,,,,,
119839,,355.81212,5.18333,2015-10-14T05:45:53.280Z,703,,,,,
119839,,355.81092,5.18300,2015-10-14T05:54:36.864Z,703,,,,,
119839,,355.29975,4.99947,2015-10-17T14:09:29.088Z,D29,,,,,
119839,,355.29742,4.99861,2015-10-17T14:31:04.224Z,D29,,,,,
119839,,355.29533,4.99783,2015-10-17T14:52:39.360Z,D29,,,,,
119839,,354.927392,4.860914,2015-10-20T06:15:29.664Z,F51,,,,,
119839,,354.924487,4.859869,2015-10-20T06:45:24.192Z,F51,,,,,
119839,,354.923042,4.859336,2015-10-20T07:00:23.616Z,F51,,,,,
119839,,354.795871,4.810856,2015-10-21T06:20:24.288Z,F51,,,,,
119839,,354.794508,4.810314,2015-10-21T06:35:21.984Z,F51,,,,,
119839,,354.793079,4.809811,2015-10-21T06:50:24.000Z,F51,,,,,
119839,,353.824246,4.165978,2015-11-29T05:01:08.832Z,F51,,,,,
119839,,353.826175,4.166478,2015-11-29T05:39:57.312Z,F51,,,,,
119839,,74.357200,33.156439,2016-12-22T10:16:16.608Z,F51,,,,,
119839,,74.354325,33.155806,2016-12-22T10:33:42.048Z,F51,,,,,
119839,,74.351496,33.155217,2016-12-22T10:51:09.216Z,F51,,,,,
119839,,74.348613,33.154594,2016-12-22T11:08:35.520Z,F51,,,,,
119839,,72.67929,32.73353,2016-12-30T06:10:14.304Z,G96,,,,,
119839,,72.67825,32.73317,2016-12-30T06:18:00.000Z,G96,,,,,
119839,,72.67646,32.73300,2016-12-30T06:26:28.896Z,G96,,,,,
119839,,72.67242,32.73139,2016-12-30T06:59:11.904Z,G45,,,,,
119839,,72.67217,32.73139,2016-12-30T07:00:19.296Z,G45,,,,,
119839,,72.67158,32.73094,2016-12-30T07:06:43.776Z,G45,,,,,
119839,,72.67125,32.73108,2016-12-30T07:07:53.760Z,G45,,,,,
119839,,72.66971,32.73039,2016-12-30T07:15:23.040Z,G45,,,,,
119839,,154.481946,12.694828,2017-10-30T14:45:42.912Z,F51,,,,,
119839,,154.483308,12.694242,2017-10-30T14:53:10.464Z,F51,,,,,
119839,,154.484629,12.693681,2017-10-30T15:00:38.016Z,F51,,,,,
119839,,154.485996,12.693119,2017-10-30T15:08:05.568Z,F51,,,,,
119839,,158.49183,10.89281,2017-11-16T12:11:58.848Z,G96,,,,,
119839,,158.49275,10.89233,2017-11-16T12:19:26.400Z,G96,,,,,
119839,,158.49396,10.89178,2017-11-16T12:26:52.224Z,G96,,,,,
119839,,158.49492,10.89133,2017-11-16T12:34:18.048Z,G96,,,,,
119839,,163.25375,8.39922,2017-12-16T10:55:36.192Z,G96,,,,,
119839,,163.25425,8.39892,2017-12-16T11:03:03.744Z,G96,,,,,
119839,,163.25467,8.39867,2017-12-16T11:10:32.160Z,G96,,,,,
119839,,163.25517,8.39825,2017-12-16T11:18:00.576Z,G96,,,,,
119839,,163.918058,7.343039,2018-01-13T12:27:54.432Z,F51,,,,,
119839,,163.917254,7.342892,2018-01-13T12:44:48.768Z,F51,,,,,
119839,,163.916617,7.342806,2018-01-13T13:01:47.424Z,F51,,,,,
119839,,163.915842,7.342653,2018-01-13T13:18:52.992Z,F51,,,,,
119839,,163.801129,7.325750,2018-01-15T11:25:57.504Z,F51,,,,,
119839,,163.799387,7.325606,2018-01-15T12:01:28.128Z,F51,,,,,
119839,,163.798492,7.325511,2018-01-15T12:19:26.400Z,F51,,,,,
119839,,163.392533,7.316136,2018-01-20T13:50:50.208Z,F51,,,,,
119839,,163.391325,7.316181,2018-01-20T14:08:07.872Z,F51,,,,,
119839,,163.390125,7.316194,2018-01-20T14:25:27.264Z,F51,,,,,
119839,,162.62442,7.37967,2018-01-27T09:20:03.552Z,G96,,,,,
119839,,162.62371,7.37967,2018-01-27T09:26:52.224Z,G96,,,,,
119839,,162.62313,7.37978,2018-01-27T09:33:40.896Z,G96,,,,,
119839,,162.62246,7.37989,2018-01-27T09:40:29.568Z,G96,,,,,
119839,,157.86183,8.23661,2018-02-22T11:16:42.816Z,G96,,,,,
119839,,157.86054,8.23683,2018-02-22T11:24:54.432Z,G96,,,,,
119839,,157.85933,8.23711,2018-02-22T11:33:06.912Z,G96,,,,,
119839,,157.85813,8.23733,2018-02-22T11:41:22.848Z,G96,,,,,
119839,,157.69458,8.27067,2018-02-23T06:03:48.960Z,703,,,,,
119839,,157.69342,8.27117,2018-02-23T06:11:26.016Z,703,,,,,
119839,,157.69217,8.27136,2018-02-23T06:19:03.072Z,703,,,,,
119839,,157.69092,8.27167,2018-02-23T06:26:40.128Z,703,,,,,
119839,,157.06179,8.39967,2018-02-26T04:26:54.240Z,703,,,,,
119839,,157.06021,8.40011,2018-02-26T04:36:13.248Z,703,,,,,
119839,,157.05858,8.40011,2018-02-26T04:45:32.256Z,703,,,,,
119839,,157.05708,8.40039,2018-02-26T04:54:51.264Z,703,,,,,
119839,,153.88758,9.03036,2018-03-13T13:45:27.072Z,D29,,,,,
119839,,153.88467,9.03089,2018-03-13T14:05:48.768Z,D29,,,,,
119839,,153.88200,9.03147,2018-03-13T14:26:11.328Z,D29,,,,,
119839,,152.41196,9.29300,2018-03-22T04:13:23.808Z,G96,,,,,
119839,,152.41108,9.29317,2018-03-22T04:20:56.544Z,G96,,,,,
119839,,152.41025,9.29331,2018-03-22T04:28:30.144Z,G96,,,,,
119839,,152.40933,9.29350,2018-03-22T04:36:02.880Z,G96,,,,,
119839,,240.612542,-27.909922,2019-02-04T15:32:55.968Z,F51,,,,,
119839,,240.613746,-27.910342,2019-02-04T15:38:31.200Z,F51,,,,,
119839,,240.615021,-27.910661,2019-02-04T15:44:06.432Z,F51,,,,,
119839,,240.616250,-27.911056,2019-02-04T15:49:40.800Z,F51,,,,,
119839,,352.530029,-2.286897,2020-07-17T12:26:00.384Z,F51,,,,,
119839,,352.529808,-2.286472,2020-07-17T12:43:24.096Z,F51,,,,,
119839,,352.529604,-2.286042,2020-07-17T13:00:46.080Z,F51,,,,,
119839,,352.529375,-2.285589,2020-07-17T13:18:04.608Z,F51,,,,,
119839,,352.51675,-2.25506,2020-07-18T10:03:06.9Z,I41,0.156,0.156,,0.00000,
119839,,352.51592,-2.25369,2020-07-18T11:02:03.3Z,I41,0.215,0.215,,0.00000,
119839,,352.513804,-2.249536,2020-07-18T13:46:22.368Z,F52,,,,,
119839,,352.513563,-2.249186,2020-07-18T14:01:12.288Z,F52,,,,,
119839,,352.513329,-2.248828,2020-07-18T14:16:04.800Z,F52,,,,,
119839,,352.513087,-2.248481,2020-07-18T14:30:53.856Z,F52,,,,,
119839,,352.44158,-2.16094,2020-07-21T09:32:24.0Z,I41,0.149,0.152,,0.00000,
119839,,352.43937,-2.15933,2020-07-21T10:55:44.8Z,I41,0.170,0.170,,0.00000,
119839,,352.31637,-2.08436,2020-07-24T09:39:31.7Z,I41,0.136,0.136,,0.00000,
119839,,352.31338,-2.08314,2020-07-24T10:59:17.4Z,I41,0.187,0.183,,0.00000,
119839,,352.067317,-2.009769,2020-07-28T11:43:52.320Z,F52,,,,,
119839,,352.066404,-2.009547,2020-07-28T12:00:27.648Z,F52,,,,,
119839,,352.065546,-2.009419,2020-07-28T12:17:04.704Z,F52,,,,,
119839,,352.064617,-2.009244,2020-07-28T12:33:43.488Z,F52,,,,,
119839,,350.690900,-1.997381,2020-08-10T12:10:29.856Z,F52,,,,,
119839,,350.689246,-1.997625,2020-08-10T12:27:09.504Z,F52,,,,,
119839,,350.687550,-1.997711,2020-08-10T12:43:50.016Z,F52,,,,,
119839,,350.685837,-1.997856,2020-08-10T13:00:35.712Z,F52,,,,,
119839,,350.263142,-2.040519,2020-08-13T11:13:39.648Z,F52,,,,,
119839,,350.261442,-2.040761,2020-08-13T11:29:27.456Z,F52,,,,,
119839,,350.259683,-2.040933,2020-08-13T11:45:16.128Z,F52,,,,,
119839,,349.74338,-2.10700,2020-08-16T18:07:57.792Z,D29,,,,,
119839,,349.74063,-2.10736,2020-08-16T18:30:52.416Z,D29,,,,,
119839,,349.73796,-2.10772,2020-08-16T18:53:47.040Z,D29,,,,,
119839,,349.48013,-2.14536,2020-08-18T07:53:26.592Z,G96,,,,,
119839,,349.47917,-2.14547,2020-08-18T08:00:52.416Z,G96,,,,,
119839,,349.47825,-2.14561,2020-08-18T08:08:19.104Z,G96,,,,,
119839,,349.47721,-2.14583,2020-08-18T08:15:44.928Z,G96,,,,,
119839,,348.69921,-2.27233,2020-08-22T17:07:55.776Z,D29,,,,,
119839,,348.69400,-2.27325,2020-08-22T17:48:39.168Z,D29,,,,,
119839,,347.75987,-2.44495,2020-08-27T15:04:08.0Z,P07,,,,,
119839,,347.74164,-2.44842,2020-08-27T17:11:54.8Z,P07,,,,,
119839,,347.73373,-2.44999,2020-08-27T18:08:06.2Z,P07,,,,,
119839,,347.73099,-2.45040,2020-08-27T18:27:05.0Z,P07,,,,,
119839,,347.54538,-2.48800,2020-08-28T16:58:45.408Z,D29,,,,,
119839,,347.54250,-2.48850,2020-08-28T17:19:07.968Z,D29,,,,,
119839,,347.53946,-2.48903,2020-08-28T17:39:29.664Z,D29,,,,,
119839,,347.53658,-2.48958,2020-08-28T18:00:10.368Z,D29,,,,,
119839,,347.53371,-2.49025,2020-08-28T18:20:32.928Z,D29,,,,,
119839,,347.53088,-2.49086,2020-08-28T18:40:54.624Z,D29,,,,,
119839,,345.93458,-2.82525,2020-09-05T14:40:18.048Z,D29,,,,,
119839,,345.93129,-2.82628,2020-09-05T14:58:50.016Z,D29,,,,,
119839,,345.748490,-2.866150,2020-09-06T12:06:45.76Z,T05,0.292,0.292,,,
119839,,345.747870,-2.866210,2020-09-06T12:11:24.26Z,T05,0.264,0.264,,,
119839,,345.746550,-2.866320,2020-09-06T12:20:43.66Z,T05,0.298,0.298,,,
119839,,345.744140,-2.866950,2020-09-06T12:36:44.72Z,T05,0.267,0.267,,,
119839,,345.71642,-2.87336,2020-09-06T15:53:05.568Z,D29,,,,,
119839,,345.71558,-2.87353,2020-09-06T15:57:47.232Z,D29,,,,,
119839,,345.71304,-2.87422,2020-09-06T16:15:38.592Z,D29,,,,,
119839,,345.71246,-2.87417,2020-09-06T16:20:20.256Z,D29,,,,,
119839,,345.70988,-2.87458,2020-09-06T16:38:10.752Z,D29,,,,,
119839,,345.70904,-2.87494,2020-09-06T16:42:52.416Z,D29,,,,,
119839,,345.51862,-2.91753,2020-09-07T14:51:57.888Z,D29,,,,,
119839,,345.51587,-2.91797,2020-09-07T15:10:44.544Z,D29,,,,,
119839,,345.51313,-2.91853,2020-09-07T15:29:32.064Z,D29,,,,,
119839,,344.97483,-3.04031,2020-09-10T06:09:13.824Z,G96,,,,,
119839,,344.97375,-3.04050,2020-09-10T06:16:40.512Z,G96,,,,,
119839,,344.97267,-3.04078,2020-09-10T06:24:05.472Z,G96,,,,,
119839,,344.97158,-3.04100,2020-09-10T06:31:30.432Z,G96,,,,,
119839,,344.90368,-3.05548,2020-09-10T14:29:10.4Z,P07,,,,,
119839,,344.89471,-3.05752,2020-09-10T15:31:12.5Z,P07,,,,,
119839,,344.88400,-3.05985,2020-09-10T16:43:18.5Z,P07,,,,,
119839,,344.87420,-3.06197,2020-09-10T17:50:39.5Z,P07,,,,,
119839,,344.760479,-3.089261,2020-09-11T07:18:44.352Z,F52,,,,,
119839,,344.758733,-3.089647,2020-09-11T07:30:38.016Z,F52,,,,,
119839,,344.542917,-3.139342,2020-09-12T08:52:05.664Z,F52,,,,,
119839,,344.540479,-3.139886,2020-09-12T09:08:46.176Z,F52,,,,,
119839,,344.538042,-3.140444,2020-09-12T09:25:29.280Z,F52,,,,,
119839,,344.535587,-3.140986,2020-09-12T09:42:14.112Z,F52,,,,,
119839,,344.337620,-3.187250,2020-09-13T09:11:18.96Z,T05,0.343,0.343,,,
119839,,344.336460,-3.186940,2020-09-13T09:15:58.26Z,T05,0.298,0.298,,,
119839,,344.335880,-3.187540,2020-09-13T09:23:21.23Z,T05,0.263,0.263,,,
119839,,344.331640,-3.188450,2020-09-13T09:53:43.35Z,T05,0.399,0.399,,,
119839,,343.744496,-3.326194,2020-09-16T08:32:54.816Z,F52,,,,,
119839,,343.74242,-3.32667,2020-09-16T08:49:11.914Z,T08,,,,,
119839,,343.742150,-3.326739,2020-09-16T08:49:40.512Z,F52,,,,,
119839,,343.74179,-3.32675,2020-09-16T08:51:50.976Z,T08,,,,,
119839,,343.74004,-3.32725,2020-09-16T09:04:32.765Z,T08,,,,,
119839,,343.739758,-3.327272,2020-09-16T09:06:26.208Z,F52,,,,,
119839,,343.73908,-3.32747,2020-09-16T09:11:51.331Z,T08,,,,,
119839,,343.737400,-3.327817,2020-09-16T09:23:11.904Z,F52,,,,,
119839,,343.18437,-3.45953,2020-09-19T06:03:08.4Z,I41,0.122,0.122,,0.00000,
119839,,343.16913,-3.46311,2020-09-19T07:55:44.0Z,I41,0.211,0.211,,0.00000,
119839,,342.81008,-3.54917,2020-09-21T06:05:13.6Z,I41,0.097,0.097,,0.00000,
119839,,342.79921,-3.55169,2020-09-21T07:27:39.2Z,I41,0.109,0.113,,0.00000,
119839,,342.794671,-3.552761,2020-09-21T08:07:50.592Z,F52,,,,,
119839,,342.792079,-3.553306,2020-09-21T08:27:26.496Z,F52,,,,,
119839,,342.789463,-3.553956,2020-09-21T08:47:04.128Z,F52,,,,,
119839,,342.786896,-3.554514,2020-09-21T09:06:41.760Z,F52,,,,,
119839,,342.44654,-3.63667,2020-09-23T06:18:33.696Z,G96,,,,,
119839,,342.44550,-3.63686,2020-09-23T06:26:41.856Z,G96,,,,,
119839,,342.44442,-3.63711,2020-09-23T06:34:50.880Z,G96,,,,,
119839,,342.44342,-3.63728,2020-09-23T06:43:01.632Z,G96,,,,,
119839,,340.259985,-4.156940,2020-10-08T02:35:07.440Z,G96,0.199,0.193,,0.0,
119839,,340.259280,-4.157100,2020-10-08T02:43:16.945Z,G96,0.153,0.156,,0.0,
119839,,340.258635,-4.157220,2020-10-08T02:51:26.228Z,G96,0.140,0.145,,0.0004,
119839,,340.257960,-4.157370,2020-10-08T02:59:36.674Z,G96,0.148,0.150,,-0.0005,
119839,,339.927867,-4.230614,2020-10-11T06:39:48.096Z,F51,,,,,
119839,,339.926667,-4.230872,2020-10-11T06:56:33.792Z,F51,,,,,
119839,,339.925479,-4.231103,2020-10-11T07:13:17.760Z,F51,,,,,
119839,,339.924279,-4.231353,2020-10-11T07:30:06.048Z,F51,,,,,
119839,,339.514458,-4.314803,2020-10-16T06:27:00.000Z,F52,,,,,
119839,,339.514375,-4.314850,2020-10-16T06:28:49.728Z,F52,,,,,
119839,,339.513521,-4.314953,2020-10-16T06:44:43.584Z,F52,,,,,
119839,,339.513442,-4.315000,2020-10-16T06:46:34.176Z,F52,,,,,
119839,,339.512625,-4.315100,2020-10-16T07:02:31.488Z,F52,,,,,
119839,,339.512513,-4.315153,2020-10-16T07:04:22.080Z,F52,,,,,
119839,,339.511608,-4.315303,2020-10-16T07:22:07.392Z,F52,,,,,
119839,,339.33767,-4.34483,2020-10-19T04:03:33.7Z,I41,0.204,0.204,,0.00000,
119839,,339.33512,-4.34517,2020-10-19T05:05:04.7Z,I41,0.166,0.163,,0.00000,
119839,,339.24246,-4.35681,2020-10-21T04:34:09.7Z,I41,0.222,0.218,,0.00000,
119839,,339.24067,-4.35700,2020-10-21T05:29:43.9Z,I41,0.113,0.113,,0.00000,
119839,,339.30683,-4.18517,2020-11-06T10:43:33.024Z,D29,,,,,
119839,,339.30733,-4.18481,2020-11-06T11:03:54.720Z,D29,,,,,
119839,,339.30796,-4.18453,2020-11-06T11:24:16.416Z,D29,,,,,
119839,,339.54133,-4.06883,2020-11-10T11:30:29.664Z,D29,,,,,
119839,,339.54237,-4.06836,2020-11-10T11:50:51.360Z,D29,,,,,
119839,,339.54337,-4.06781,2020-11-10T12:11:13.056Z,D29,,,,,
119839,,340.105365,-3.814200,2020-11-17T02:55:51.837Z,G96,0.232,0.243,,0.0,
119839,,340.105890,-3.813900,2020-11-17T03:03:19.225Z,G96,0.273,0.284,,0.0,
119839,,340.106265,-3.813550,2020-11-17T03:10:46.386Z,G96,0.236,0.249,,0.0,
119839,,340.106790,-3.813340,2020-11-17T03:18:13.961Z,G96,0.182,0.194,,-0.0013,
119839,,342.965085,-2.604810,2020-12-07T01:25:05.271Z,G96,0.286,0.325,,-0.0020,
119839,,342.966150,-2.604390,2020-12-07T01:33:12.369Z,G96,0.369,0.371,,0.0,
119839,,342.967125,-2.604050,2020-12-07T01:41:20.622Z,G96,0.256,0.287,,-0.0004,
119839,,342.968205,-2.603470,2020-12-07T01:49:28.643Z,G96,0.365,0.371,,0.0,
119839,,344.557971,-1.936436,2020-12-15T05:00:08.352Z,F51,,,,,
119839,,344.560387,-1.935392,2020-12-15T05:17:06.144Z,F51,,,,,
119839,,344.565217,-1.933311,2020-12-15T05:50:53.952Z,F51,,,,,
119839,,61.867899,28.514267,2021-08-16T14:28:46.2Z,F51,,,,,
119839,,61.869140,28.514676,2021-08-16T14:36:18.9Z,F51,,,,,
119839,,61.870337,28.515112,2021-08-16T14:43:53.0Z,F51,,,,,
119839,,61.871563,28.515473,2021-08-16T14:51:25.9Z,F51,,,,,
119839,,65.29608,29.74261,2021-09-02T10:21:36.3Z,I41,0.268,0.268,,0.00000,
119839,,65.30029,29.74436,2021-09-02T10:56:28.0Z,I41,0.225,0.222,,0.00000,
119839,,65.30475,29.74625,2021-09-02T11:36:22.2Z,I41,0.146,0.142,,0.00000,
119839,,65.30608,29.74675,2021-09-02T11:48:19.3Z,I41,0.163,0.163,,0.00000,
119839,,67.613475,32.139050,2021-10-16T07:10:27.357Z,G96,0.257,0.270,,-0.0002,
119839,,67.612800,32.139290,2021-10-16T07:18:42.746Z,G96,0.308,0.314,,0.0,
119839,,67.612245,32.139400,2021-10-16T07:26:56.420Z,G96,0.369,0.377,,0.0,
119839,,67.611885,32.139620,2021-10-16T07:35:09.572Z,G96,0.236,0.267,,0.0021,
119839,,64.742670,32.513020,2021-11-05T08:13:05.852Z,G96,0.124,0.136,,0.0,
119839,,64.741650,32.513050,2021-11-05T08:20:33.525Z,G96,0.136,0.149,,0.0,
119839,,64.740630,32.513040,2021-11-05T08:27:58.220Z,G96,0.113,0.134,,0.0004,
119839,,64.739535,32.512980,2021-11-05T08:35:22.849Z,G96,0.126,0.140,,0.0001,
119839,,62.588325,32.403570,2021-11-15T06:51:12.237Z,G96,0.132,0.145,,-0.0018,
119839,,62.586990,32.403370,2021-11-15T06:59:23.225Z,G96,0.136,0.154,,0.0,
119839,,62.585655,32.403310,2021-11-15T07:07:34.002Z,G96,0.168,0.182,,0.0,
119839,,62.584275,32.403230,2021-11-15T07:15:46.074Z,G96,0.150,0.162,,0.0,
119839,,59.477460,31.938760,2021-11-28T06:24:30.947Z,G96,0.111,0.132,,0.0001,
119839,,59.476275,31.938480,2021-11-28T06:31:50.983Z,G96,0.112,0.132,,0.0,
119839,,59.474970,31.938260,2021-11-28T06:39:10.649Z,G96,0.107,0.131,,0.0,
119839,,54.714180,30.471520,2021-12-21T07:33:50.945Z,G96,0.201,0.207,,-0.0001,
119839,,54.713595,30.471220,2021-12-21T07:41:14.873Z,G96,0.271,0.279,,-0.0001,
119839,,54.712695,30.470870,2021-12-21T07:48:38.648Z,G96,0.223,0.224,,0.0001,
119839,,54.711780,30.470350,2021-12-21T07:56:02.103Z,G96,0.256,0.266,,0.0,
119839,,53.86767,30.03347,2021-12-27T11:48:39.082Z,D29,,,,,
119839,,53.86575,30.03217,2021-12-27T12:09:00.950Z,D29,,,,,
119839,,53.75438,29.96467,2021-12-28T11:20:31.690Z,D29,,,,,
119839,,53.75288,29.96381,2021-12-28T11:40:53.472Z,D29,,,,,
119839,,53.75096,29.96278,2021-12-28T12:01:15.341Z,D29,,,,,
119839,,52.944483,28.520433,2022-01-22T06:52:37.3Z,F52,,,,,
119839,,52.944930,28.519898,2022-01-22T07:10:12.0Z,F52,,,,,
119839,,52.945395,28.519369,2022-01-22T07:27:51.7Z,F52,,,,,
119839,,52.945931,28.518822,2022-01-22T07:45:28.0Z,F52,,,,,
119839,,53.486025,28.224770,2022-01-30T03:09:31.639Z,G96,0.213,0.219,,-0.0005,
119839,,53.486685,28.224690,2022-01-30T03:17:38.852Z,G96,0.290,0.302,,0.0,
119839,,53.487180,28.224340,2022-01-30T03:25:45.851Z,G96,0.209,0.224,,0.0,
119839,,53.487705,28.224160,2022-01-30T03:33:51.242Z,G96,0.325,0.334,,0.0,
119839,,65.580375,28.055640,2022-03-27T03:21:07.412Z,V00,0.086,0.087,,-0.0047,
119839,,65.582415,28.055690,2022-03-27T03:30:31.448Z,V00,0.078,0.082,,0.0001,
119839,,65.585610,28.055870,2022-03-27T03:45:26.552Z,V00,0.100,0.100,,-0.0013,
119839,,65.587650,28.055790,2022-03-27T03:54:49.255Z,V00,,,,,
119839,,142.542990,18.642020,2022-10-25T12:02:24.841Z,G96,0.217,0.226,,0.0,
119839,,142.544685,18.641440,2022-10-25T12:11:57.203Z,G96,0.271,0.279,,0.0,
119839,,142.546095,18.640910,2022-10-25T12:21:30.308Z,G96,0.219,0.225,,0.0,
119839,,142.547805,18.640240,2022-10-25T12:31:03.304Z,G96,0.466,0.478,,0.0,
119839,,148.940295,16.322240,2022-11-29T11:46:15.510Z,G96,0.257,0.268,,0.0,
119839,,148.940925,16.321950,2022-11-29T11:54:37.348Z,G96,0.182,0.194,,-0.0001,
119839,,148.941420,16.321710,2022-11-29T12:02:54.445Z,G96,0.198,0.205,,-0.0002,
119839,,148.942170,16.321480,2022-11-29T12:11:12.647Z,G96,0.222,0.219,,-0.0001,
119839,,149.253226,16.190068,2022-12-02T12:34:08.5Z,F51,,,,,
119839,,149.254596,16.189463,2022-12-02T12:55:02.0Z,F51,,,,,
119839,,149.255907,16.188885,2022-12-02T13:16:03.2Z,F51,,,,,
119839,,148.248848,15.906384,2023-01-14T10:30:12.5Z,F52,,,,,
119839,,148.247127,15.906680,2023-01-14T10:46:37.3Z,F52,,,,,
119839,,148.245386,15.907006,2023-01-14T11:03:02.1Z,F52,,,,,
119839,,148.243652,15.907295,2023-01-14T11:19:31.5Z,F52,,,,,
119839,,147.128370,16.110410,2023-01-21T07:57:39.546Z,703,0.888,0.864,,0.0001,
119839,,147.127380,16.110540,2023-01-21T08:05:16.940Z,703,0.756,0.758,,0.0,
119839,,147.126585,16.110850,2023-01-21T08:12:54.381Z,703,0.552,0.538,,-0.0057,
119839,,147.125325,16.110640,2023-01-21T08:20:35.060Z,703,0.961,0.961,,0.0,
119839,,145.795995,16.352390,2023-01-28T06:35:54.984Z,703,0.549,0.556,,-0.0042,
119839,,145.794750,16.352570,2023-01-28T06:44:08.931Z,703,0.917,0.916,,0.0,
119839,,145.793265,16.352940,2023-01-28T06:52:23.370Z,703,0.888,0.886,,0.0,
119839,,145.791810,16.352910,2023-01-28T07:00:37.487Z,703,0.760,0.758,,0.0,
119839,,145.761195,16.358280,2023-01-28T10:32:05.791Z,703,0.641,0.635,,0.0,
119839,,145.759995,16.358680,2023-01-28T10:40:20.425Z,703,0.933,0.933,,0.0,
119839,,145.758300,16.358640,2023-01-28T10:48:34.916Z,703,1.383,1.382,,0.0,
119839,,145.756800,16.358850,2023-01-28T10:56:49.070Z,703,0.670,0.669,,0.0,
119839,,145.47942,16.40844,2023-01-29T19:16:10.992Z,D29,,,,,
119839,,145.47646,16.40900,2023-01-29T19:36:32.774Z,D29,,,,,
119839,,145.47342,16.40950,2023-01-29T19:56:54.643Z,D29,,,,,
119839,,145.11087,16.47342,2023-01-31T13:25:58.685Z,D29,,,,,
119839,,145.10833,16.47414,2023-01-31T13:42:20.534Z,D29,,,,,
119839,,145.10575,16.47419,2023-01-31T13:58:42.298Z,D29,,,,,
119839,,142.717605,16.864820,2023-02-11T08:54:44.490Z,G96,0.163,0.171,,0.0,
119839,,142.716465,16.864900,2023-02-11T09:02:07.814Z,G96,0.202,0.211,,0.0,
119839,,142.715310,16.865090,2023-02-11T09:09:30.810Z,G96,0.203,0.212,,0.0,
119839,,142.714005,16.865300,2023-02-11T09:16:54.341Z,G96,0.113,0.130,,0.0,
119839,,140.69179,17.14394,2023-02-20T12:29:38.803Z,D29,,,,,
119839,,140.68858,17.14433,2023-02-20T12:50:00.586Z,D29,,,,,
119839,,140.68558,17.14461,2023-02-20T13:10:22.454Z,D29,,,,,
119839,,136.663994,17.393755,2023-03-16T05:49:25.6Z,F52,,,,,
119839,,136.662651,17.393717,2023-03-16T06:05:48.8Z,F52,,,,,
119839,,136.661300,17.393641,2023-03-16T06:22:11.7Z,F52,,,,,
119839,,135.77917,17.22344,2023-03-27T13:06:15.437Z,D29,,,,,
119839,,135.77846,17.22358,2023-03-27T13:27:53.597Z,D29,,,,,
119839,,229.239753,-29.725626,2024-04-17T11:45:10.9Z,F51,,,,,
119839,,229.237650,-29.725745,2024-04-17T12:02:02.9Z,F51,,,,,
119839,,229.235522,-29.725846,2024-04-17T12:18:55.3Z,F51,,,,,
119839,,229.233257,-29.725948,2024-04-17T12:36:51.0Z,F51,,,,,
119839,,226.05921,-29.54564,2024-05-03T04:34:06.240Z,X74,,,,,
119839,,226.05792,-29.54542,2024-05-03T04:41:31.200Z,X74,,,,,
119839,,226.05658,-29.54519,2024-05-03T04:48:39.744Z,X74,,,,,
119839,,225.105203,-29.390009,2024-05-07T09:45:16.4Z,F51,,,,,
119839,,225.101844,-29.389407,2024-05-07T10:05:45.3Z,F52,,,,,
119839,,225.101198,-29.389289,2024-05-07T10:09:39.3Z,F51,,,,,
119839,,225.099062,-29.388919,2024-05-07T10:22:39.6Z,F52,,,,,
119839,,225.098910,-29.388894,2024-05-07T10:23:40.0Z,F51,,,,,
119839,,225.096578,-29.388495,2024-05-07T10:37:40.4Z,F51,,,,,
119839,,225.096281,-29.388423,2024-05-07T10:39:33.6Z,F52,,,,,
119839,,225.093520,-29.387923,2024-05-07T10:56:26.6Z,F52,,,,,
119839,,220.347964,-27.963198,2024-05-30T08:03:07.7Z,F51,,,,,
119839,,220.346089,-27.962415,2024-05-30T08:18:32.5Z,F51,,,,,
119839,,220.344208,-27.961631,2024-05-30T08:33:58.3Z,F51,,,,,
119839,,220.342328,-27.960798,2024-05-30T08:49:22.6Z,F51,,,,,
119839,,218.655147,-27.002618,2024-06-12T06:48:18.3Z,F52,,,,,
119839,,218.654136,-27.001924,2024-06-12T07:02:35.2Z,F52,,,,,
119839,,218.653204,-27.001220,2024-06-12T07:16:45.3Z,F52,,,,,
119839,,218.652209,-27.000494,2024-06-12T07:30:58.9Z,F52,,,,,
